duracion;release_difference;total_views;shares_first_day;shares_first_month;shares_first_week;total_shares;total_users;active_users;new_users;active_raffles;active_canjes;penetracion
72;0;341;23;82;50;5;3;7.21050713444129;3;1;3;0.766
46;582;278;31;72;67;7;67;29.8471731762402;67;1;0;0.134
434;15;71;1;30;26;4;87;12.9783836775459;59;3;0;0.075
31;227;450;1;28;26;18;124;81.0354505782016;68;11;1;0.229
91;277;69;1;33;30;21;126;98.3742406475358;69;10;1;0.263
99;29;162;7;82;76;18;133;66.8038755119778;66;8;1;0.227
147;56;39;3;22;14;15;136;13.397055354435;49;1;1;0.251
127;0;1761;0;7;3;5;207;19.9986663996242;1;1;2;0.645
56;0;1621;1;169;28;6;214;5.05356739345007;5;1;1;0.789
65;54;426;1;95;32;7;220;69.8105946881697;10;3;1;0.719
32;29;1015;1;105;55;3;220;22.6439662487246;10;3;2;0.292
104;19;166;1;49;23;2;220;45.6694294232875;10;1;1;0.245
142;0;666;1;89;44;7;220;6.87749075307511;10;3;1;0.711
275;8;1204;1;81;29;2;220;11.6422203322873;10;3;1;0.194
89;7;2247;2;101;42;3;220;11.6746274288744;10;1;1;0.257
31;44;532;1;80;26;1;220;26.7762320232578;10;2;1;0.107
31;125;1615;1;89;28;2;220;32.0233374857344;10;0;1;0.198
31;45;48;2;21;20;3;220;7.73122478835285;10;3;3;0.261
80;0;1126;1;95;31;8;220;36.8971461383626;10;2;1;0.796
132;120;915;1;90;25;4;220;9.07718368549831;10;2;0;0.441
166;120;804;1;90;29;1;220;3.70684248837642;10;1;2;0.146
112;120;764;2;122;49;1;220;3.19511985569261;10;2;2;0.097
114;196;60;1;56;37;3;221;14.8293570661917;11;3;1;0.202
31;19;1023;27;173;74;26;386;135;170;11;1;0.194
67;0;556;10;81;38;99;449;185;229;11;2;0.536
122;84;387;10;104;56;37;449;185;229;11;1;0.199
120;499;395;26;115;60;33;489;193;215;11;1;0.172
124;25;1028;18;79;49;57;517;190;206;10;2;0.298
140;178;490;20;92;51;4;548;180;180;11;2;0.024
66;377;328;13;55;32;14;564;183;178;10;1;0.078
60;376;758;20;82;44;2;564;183;178;5;4;0.013
463;1072;553;16;50;33;19;601;172;152;11;3;0.111
61;7;740;11;42;29;27;619;167;152;11;2;0.163
116;113;489;8;41;30;16;619;166;152;11;1;0.095
229;23;9387;10;33;21;23;623;165;137;11;1;0.14
124;2;2420;12;56;35;117;623;164;137;9;0;0.712
121;13;789;11;36;25;35;623;164;137;9;1;0.215
145;50;455;7;27;20;11;623;164;137;11;1;0.07
160;66;182;5;29;17;115;623;163;137;11;0;0.708
95;239;4;6;8;8;19;623;163;137;10;0;0.114
328;763;367;7;26;19;35;629;166;140;11;1;0.213
218;2;85;4;15;7;81;659;163;149;11;1;0.497
300;10;444;7;43;24;35;671;170;159;11;3;0.205
176;12;140;6;19;10;43;688;176;171;11;0;0.246
241;90;43;9;18;12;42;691;179;174;9;2;0.234
479;2;347;6;19;13;31;728;170;167;10;3;0.183
137;232;433;2;20;5;25;733;170;169;9;0;0.148
138;0;174;9;25;9;141;733;170;169;11;2;0.829
77;0;695;10;38;13;137;758;168;168;10;2;0.816
37;3;1260;6;18;7;118;760;168;169;7;3;0.7
133;12;121;5;23;10;47;761;166;166;10;0;0.282
561;1;2152;8;72;23;42;769;156;151;10;3;0.269
204;589;73;2;12;5;20;786;144;129;10;0;0.142
303;10;231;3;22;13;35;786;144;129;7;1;0.241
56;74;41;1;11;7;30;786;144;129;11;2;0.206
149;179;295;4;73;29;22;790;128;105;7;2;0.169
108;146;387;14;84;35;21;799;119;92;8;1;0.179
99;2;772;3;15;7;81;799;118;90;11;1;0.687
105;2;476;8;36;15;2;806;120;85;7;0;0.016
181;5;95;7;25;14;32;817;123;84;11;1;0.262
376;13;384;12;98;37;10;817;122;82;10;1;0.084
50;109;713;14;96;37;28;818;118;79;11;1;0.239
218;99;69;4;14;8;28;829;110;69;9;3;0.253
51;2;205;6;16;10;77;829;110;69;11;2;0.698
170;1;881;14;36;27;78;851;113;79;10;0;0.689
153;1;158;5;21;10;58;867;125;89;11;1;0.464
131;2;56;2;24;7;73;875;129;88;11;0;0.569
92;5;125;9;21;11;24;880;132;90;9;1;0.182
99;153;971;10;107;44;10;891;135;92;11;2;0.073
67;15;318;15;95;42;32;894;137;93;9;1;0.232
241;126;96;7;21;9;5;898;134;92;10;0;0.039
388;0;508;9;25;14;10;902;134;92;9;0;0.071
170;39;234;6;30;16;14;905;134;95;11;1;0.102
126;5;2234;10;32;18;21;946;151;111;9;2;0.142
234;3;744;14;32;18;116;955;149;109;11;1;0.777
60;483;135;15;31;19;33;968;156;117;7;1;0.211
60;4;32;3;19;5;48;1015;167;138;9;1;0.287
239;10;206;5;44;11;42;1015;167;138;10;2;0.253
77;4;543;16;31;20;62;1021;163;137;10;2;0.378
35;4;495;9;26;13;100;1039;164;146;9;1;0.609
56;17;184;6;55;13;4;1041;157;136;10;4;0.027
106;6;64;5;16;8;40;1046;138;114;10;0;0.293
84;23;338;7;55;24;98;1047;137;110;11;4;0.718
143;8;57;5;16;7;30;1051;129;108;9;1;0.229
61;1;97;5;17;7;46;1055;126;104;10;0;0.367
54;0;18;4;17;6;95;1055;118;94;9;0;0.803
202;0;204;11;30;16;46;1057;110;81;11;0;0.418
152;1;201;7;30;14;81;1061;69.2790345475078;75;11;1;0.828
83;2;397;7;91;41;40;1071;37.8306814655662;76;11;2;0.429
117;1;1104;6;109;47;64;1071;51.4292737562209;73;9;0;0.695
207;3;796;4;35;19;71;1074;60.9000257705338;68;10;4;0.838
220;4;41;3;16;9;34;1086;26.2135498598218;58;2;1;0.417
311;3;184;10;33;26;15;1089;60.5169366742484;50;11;2;0.191
151;267;225;10;35;27;12;1089;12.6149735786021;49;0;2;0.156
94;3;493;15;31;27;58;1138;110;80;11;4;0.523
147;9;192;9;24;22;31;1160;117;86;7;1;0.264
32;3;1012;10;54;40;87;1161;119;87;10;1;0.731
100;3;269;13;28;24;28;1166;123;88;10;3;0.231
80;0;95;9;29;26;93;1184;132;97;11;1;0.703
115;164;5003;13;28;23;72;1191;139;104;11;1;0.521
223;0;349;11;28;21;79;1201;144;112;10;0;0.551
148;0;116;10;25;20;99;1214;146;120;9;2;0.677
61;0;121;12;21;21;28;1218;146;120;11;3;0.195
405;1;44;11;19;15;25;1219;144;117;10;2;0.171
223;24;23747;21;31;26;14;1232;146;114;11;1;0.096
181;19;768;9;18;17;26;1244;153;117;10;2;0.169
161;0;160;15;26;21;128;1249;152;118;10;0;0.842
138;2;161;8;27;24;119;1277;161;131;10;4;0.738
135;18;18;5;13;12;44;1278;159;131;11;1;0.275
115;6;400;17;29;25;35;1309;149;120;10;0;0.234
31;0;883;22;52;40;104;1319;138;110;11;1;0.753
234;8;573;19;25;23;8;1323;141;109;11;0;0.059
134;0;100;6;23;13;125;1330;145;116;10;3;0.862
326;2;851;11;20;17;66;1334;144;115;11;0;0.455
347;0;157;9;15;15;38;1338;141;115;10;1;0.266
143;3;65;16;25;25;112;1339;141;112;9;3;0.796
209;1;113;11;21;15;3;1340;136;107;9;1;0.019
373;2;53;11;14;12;32;1341;130;98;11;4;0.248
46;5;10;6;6;6;37;1343;131;94;11;1;0.279
140;1;26;8;10;10;73;1343;128;89;8;1;0.567
85;0;243;14;21;18;90;1343;126;85;10;2;0.717
130;2;122;8;17;17;47;1348;122;81;11;1;0.383
233;2;87;12;17;17;87;1353;119;77;10;0;0.731
113;1;71;7;17;9;86;1362;111;63;9;0;0.778
82;465;126;12;18;15;9;1362;104;55;10;0;0.091
97;1;72;5;10;9;86;1368;104;49;10;1;0.83
164;0;104;8;17;16;78;1369;102;45;11;2;0.769
91;1;78;8;14;14;70;1371;95.3405182831921;34;11;1;0.8
133;0;670;12;50;21;64;1373;70.5498927924782;34;6;3;0.709
112;1;33;6;12;12;4;1373;86.7928074370138;34;11;0;0.039
91;0;83;6;18;11;52;1373;95.0442806747742;34;10;1;0.571
65;2;185;5;18;10;15;1375;74.5192337897606;35;9;0;0.161
39;2;82;5;18;12;71;1376;90.6707856757566;35;10;1;0.775
232;1;456;5;36;13;14;1378;61.44488097867;35;7;1;0.165
70;1;165;8;24;20;61;1378;87.1140237851068;35;11;0;0.705
123;0;452;2;29;12;35;1378;68.1601405632682;26;6;1;0.47
241;8;57;3;17;9;6;1378;43.2447981112637;25;11;1;0.082
326;2;178;10;22;16;57;1380;16.2462417874485;19;0;1;0.869
152;2;53;7;16;10;54;1390;3.55263484269381;27;1;1;0.862
184;6;124;8;21;14;4;1390;37.5479288562201;26;7;2;0.057
213;7;97;8;26;13;14;1391;30.8468181826174;26;4;3;0.24
128;1;235;6;20;11;41;1391;72.3212319612503;23;10;1;0.687
191;1;1158;6;8;8;22;1392;14.376119824592;14;2;1;0.502
272;399;111;8;19;10;4;1394;90.5290812626481;16;10;1;0.099
169;1;173;4;21;11;19;1398;6.52339715254493;20;1;1;0.454
180;8;41;2;8;4;5;1401;34.5714801154099;21;7;1;0.129
324;23;47;4;14;8;3;1401;4.63146324222907;12;1;3;0.084
88;1080;156;4;20;10;4;1411;10.3505827020854;20;0;1;0.104
31;2;580;11;52;22;26;1413;59.1517548123375;22;3;0;0.688
101;0;73;6;14;14;31;1426;9.88828725600615;25;5;1;0.819
197;322;43;5;15;12;10;1426;92.5697981496342;25;9;1;0.264
204;10;111;6;17;14;8;1429;8.64741835324094;28;1;1;0.182
145;5;337;9;21;17;4;1430;3.3552790118847;29;5;3;0.085
110;0;68;6;14;12;41;1430;29.3065293342806;29;1;2;0.812
151;124;269;6;21;18;9;1431;76.5881004673429;30;11;0;0.164
127;0;42;5;9;7;15;1432;6.14646261930466;31;2;4;0.265
86;2;48;8;15;12;33;1432;12.5339995021932;31;3;0;0.609
123;16;30;6;9;8;10;1436;58.0172620830126;25;7;1;0.186
68;1;347;11;21;18;48;1457;47.209875585977;43;0;1;0.737
278;0;359;9;23;20;17;1479;47.4888134514913;64;7;3;0.207
152;2;55;6;10;9;70;1490;80.322676319629;67;11;1;0.823
122;2;23;5;12;8;46;1494;5.06351221026853;70;2;1;0.519
154;2;1;2;2;2;65;1499;14.8769634659402;73;5;0;0.724
154;2;18;5;8;8;67;1499;65.5071872682311;73;7;1;0.739
178;187;123;6;9;9;22;1499;72.9760513175279;73;6;2;0.248
151;0;34;5;10;10;33;1499;77.6092972862534;73;10;2;0.366
187;4;57;4;13;11;20;1499;78.8632370647974;73;11;1;0.225
152;158;34;3;10;9;6;1507;91.3907729950733;81;11;0;0.065
104;0;27;8;13;12;76;1508;52.4805807787925;81;7;0;0.8
113;145;213;7;12;8;81;1508;22.5793516729027;81;2;0;0.848
147;175;243;8;17;11;2;1508;3.70003697788343;81;3;1;0.018
96;54;312;8;18;12;11;1508;61.7851639445871;81;5;2;0.114
179;3;112;6;9;9;83;1509;57.4279764387757;80;4;1;0.897
90;0;319;5;21;16;40;1510;67.0568367815576;80;10;0;0.432
103;6;273;6;17;13;7;1513;82.2580063063651;83;10;3;0.071
179;0;18;5;8;7;13;1515;68.3352999133058;85;11;1;0.132
136;56;32;7;9;9;4;1518;74.8077425756492;88;10;0;0.04
92;25;23;5;7;7;4;1519;61.0642007784918;89;6;0;0.038
152;1;104;8;10;10;57;1520;31.230122060515;89;6;2;0.598
109;0;341;13;20;19;78;1520;88.7521479139104;89;10;1;0.801
31;0;108;5;6;6;87;1527;100;95;4;2;0.87
93;10;158;5;11;9;10;1529;102;97;7;0;0.097
150;5;29;4;10;6;11;1531;103;99;10;0;0.11
202;1;91;6;8;7;68;1531;103;99;11;1;0.665
53;2;14;4;7;6;84;1531;103;96;10;0;0.819
175;0;47;4;9;7;58;1531;103;96;10;2;0.564
164;0;76;6;14;10;54;1531;103;96;7;3;0.525
111;1;320;8;21;15;92;1534;103;96;10;3;0.897
106;0;156;5;7;6;69;1535;65.459765389096;65;11;2;0.788
203;1;8;3;5;5;20;1536;39.2418314376846;42;6;1;0.282
153;8;45;3;10;10;10;1537;43.5143045894802;37;4;0;0.141
286;0;10;3;6;4;28;1537;57.9253047844395;30;8;3;0.444
123;54;42;2;12;11;3;1538;60.6967461993918;28;10;2;0.054
205;0;20;3;4;4;37;1540;36.9979937607422;30;10;0;0.585
208;7;27;5;9;9;9;1541;65.9344469476491;30;7;3;0.146
359;2;12;3;4;4;8;1541;62.9404308181256;30;9;3;0.131
133;1;48;5;8;7;17;1541;87.5732360151596;29;6;1;0.281
71;6;22;2;7;5;12;1541;43.6043105460703;26;7;0;0.196
145;1;27;3;8;5;50;1541;93.5631867242046;22;1;1;0.863
78;1;37;3;7;5;48;1541;39.0572917181998;21;7;2;0.829
76;0;25;3;3;3;32;1541;93.9543973910622;17;10;0;0.611
62;2;9;2;5;3;36;1542;71.1977834650315;17;11;1;0.686
403;1;7;2;6;4;13;1542;92.0355636021122;15;9;2;0.261
173;0;246;6;26;17;29;1542;24.407034937758;12;5;2;0.623
91;4;18;4;6;4;35;1543;5.94361592875794;8;0;1;0.847
205;7;99;9;10;9;3;1545;5.16756805148907;10;1;2;0.063
143;0;6;4;4;4;36;1547;38.2772195385769;12;2;3;0.827
174;5;33;4;9;9;10;1547;15.0075130211189;11;2;3;0.22
214;44;62;5;8;8;5;1547;22.3589185811579;11;1;0;0.107
301;8;12;4;10;5;10;1551;39.2431409959681;13;4;0;0.225
50;1;478;3;4;4;40;1551;10.8695479296148;13;1;0;0.886
52;5;6;2;3;3;6;1551;40.0973288388923;11;8;1;0.144
61;0;15;3;8;7;37;1554;46.2764773447998;13;4;1;0.873
268;0;113;3;15;5;11;1554;88.2780226413161;13;10;3;0.276
138;0;57;5;16;8;32;1558;88.368550366722;16;11;0;0.776
223;1;71;5;5;5;22;1558;4.54559154785238;13;2;2;0.59
53;0;8;3;5;4;35;1558;20.9994854941033;13;1;3;0.898
61;3;13;2;2;2;10;1563;84.9055500584655;14;10;0;0.34
29;0;12;2;2;2;22;1563;5.64963667863049;14;2;0;0.71
44;1;23;3;5;4;28;1563;77.0920217619278;13;11;3;0.89
151;1;6;5;7;6;20;1563;59.2949039046653;13;7;1;0.66
230;1;20;5;7;6;10;1564;3.09938209713437;14;2;1;0.33
103;13;52;3;4;4;2;1565;52.5443099159747;15;5;1;0.05
74;0;32;3;13;6;28;1566;46.0952204652131;16;8;0;0.869
106;0;34;2;19;6;27;1566;14.5599219412543;15;2;0;0.846
31;3;50;2;8;4;18;1566;3.46010308573022;15;0;1;0.555
605;1;9;4;6;5;2;1567;5.58800767641515;16;2;1;0.066
420;1;4;3;3;3;5;1571;46.1718966532499;14;7;2;0.17
139;0;10;2;2;2;20;1573;12.5507024326362;15;2;1;0.626
69;8;9;3;4;3;28;1573;36.9052519486286;15;1;1;0.89
194;45;19;3;3;3;7;1573;29.7088800673373;15;2;3;0.228
200;0;1;2;2;2;23;1573;55.7247166032903;15;2;1;0.761
157;3;10;4;5;5;24;1573;16.683705933392;15;2;1;0.759
105;1;15;3;3;3;26;1573;38.7662838562392;15;1;4;0.835
245;11;20;5;8;5;5;1573;15.1424864633009;15;1;0;0.164
266;1;5;4;5;4;25;1573;35.093262612354;15;4;0;0.762
222;208;22;2;5;2;5;1573;7.39545805915259;15;2;1;0.156
134;5;17;2;16;2;5;1574;27.9716286226176;16;4;2;0.147
78;0;17;4;15;4;10;1574;28.9736826531589;12;3;2;0.336
80;0;52;4;5;4;27;1576;8.01172921783291;13;1;2;0.885
83;0;130;2;22;3;7;1576;48.5440900619142;13;6;3;0.248
47;3;27;2;4;2;21;1576;70.7329948502593;12;1;0;0.725
61;3;20;2;18;2;6;1577;4.46721860719845;12;1;0;0.201
104;33;6;2;3;2;6;1577;4.68248829315417;12;0;0;0.202
107;1;9;2;3;2;18;1577;22.9512742673978;10;2;1;0.73
78;4;7;2;3;2;5;1577;6.46504491521046;9;0;1;0.182
130;1;26;2;8;5;12;1577;75.5531614599749;9;7;0;0.512
70;3;23;2;3;3;19;1579;9.96201186790131;6;0;1;0.75
155;1;16;4;8;5;17;1579;6.00756031717174;6;2;0;0.693
211;155;6;2;5;2;2;1579;9.89988270006143;6;0;1;0.1
37;20;7;2;5;2;5;1579;11.6094422969036;6;2;3;0.234
45;4;30;2;8;3;9;1579;19.1385801695287;6;3;2;0.464
213;1;6;2;8;6;5;1580;24.5579244359396;4;1;3;0.3
117;0;12;2;6;5;9;1583;73.2914762105793;6;1;3;0.539
71;0;11;3;5;5;7;1583;3.615105523495;6;1;3;0.465
134;3;21;3;32;23;5;1583;10.2884245757014;6;3;1;0.307
20;0;8;2;7;3;15;1583;33.4955635550432;6;0;3;0.879
104;0;1;3;3;3;10;1583;25.4669552342966;6;2;2;0.68
176;1;119;5;8;8;4;1583;28.3254771050997;6;3;0;0.283
159;0;53557;9;35;33;18;1588;14.2169377137907;11;2;0;0.842
151;0;13;2;9;5;15;1589;75.4136301693507;12;3;1;0.708
96;0;26;7;8;8;18;1589;19.8362524854019;12;3;1;0.844
114;1;6;6;7;7;23;1615;37.72911880631;36;3;1;0.756
119;1;17;10;24;18;26;1628;5.05108391144313;49;1;0;0.853
88;0;4;4;5;5;34;1660;73.4296513395384;81;4;0;0.855
179;2;102;6;30;23;60;1764;86.2007971480489;184;6;0;0.839
48;5;20;4;12;6;6;1772;12.8688598424196;192;5;2;0.077
153;0;13;3;7;3;25;1788;5.7267444350291;208;3;0;0.332
134;0;21;4;6;6;68;1840;44.0233583538793;259;8;0;0.786
153;4;19;3;9;3;17;1866;96.2459474382922;283;11;0;0.178
67;1;7;2;2;2;84;1867;33.003624624107;284;7;0;0.879
147;101;70;4;6;6;25;1941;113;358;11;0;0.223
67;0;8;2;6;2;88;1948;114;365;10;1;0.769
110;6;65;6;24;13;17;1978;121;395;10;0;0.144
132;0;3;2;2;2;105;1982;121;399;8;1;0.868
153;0;23;6;12;7;62;1982;121;399;10;1;0.512
185;1;14;3;12;5;86;1982;122;399;9;1;0.706
158;14;67;6;21;12;15;1988;126;405;9;3;0.119
119;0;11;3;9;4;35;1990;126;407;10;1;0.276
147;90;8;2;9;2;24;1995;122;406;11;0;0.194
175;3;17;2;4;4;28;2001;121;411;6;0;0.23
91;1;34;4;4;4;93;2001;122;411;10;3;0.759
47;0;96;2;14;5;79;2013;105;340;11;1;0.75
131;0;105;5;22;8;30;2013;106;333;10;0;0.279
157;0;33;4;22;8;24;2022;70.7580868527293;164;1;1;0.365
90;1;16;3;18;6;48;2022;22.7813361911103;156;5;2;0.773
208;0;52;5;6;6;5;2023;9.68504907260649;96;2;1;0.101
119;21;6;2;2;2;3;2024;22.7079075318761;81;7;1;0.074
44;0;9;4;10;4;27;2025;32.9021466127597;77;2;0;0.584
325;0;11;5;5;5;32;2025;12.4777537910268;75;11;1;0.71
105;0;3;3;3;3;34;2026;11.0564156714827;58;2;1;0.796
92;0;1;2;2;2;7;2026;27.9724819934927;58;2;0;0.172
89;1;64;3;19;7;33;2029;18.2499323692173;56;0;1;0.744
42;4;79;5;29;10;33;2030;26.3747293944471;56;2;2;0.759
79;0;86;3;3;3;34;2030;32.084001339972;53;8;0;0.793
234;0;20;3;9;3;6;2032;38.115745766554;51;6;1;0.134
189;0;15;2;2;2;40;2032;33.5577436862513;51;2;2;0.888
65;289;6;3;4;4;2;2032;32.8069255268201;50;4;0;0.043
117;0;47;6;16;6;8;2033;24.648175726179;51;0;0;0.196
273;1;50;4;4;4;29;2036;3.95299173356034;50;1;2;0.732
157;0;83;8;38;19;32;2036;98.5573402047157;48;11;2;0.771
154;0;29;7;18;12;39;2039;63.6505808983929;45;4;0;0.827
94;0;62;3;12;5;38;2040;33.9584431098774;45;0;3;0.756
133;0;84;3;3;3;35;2046;95.003123532515;33;11;0;0.818
84;0;7;2;8;5;34;2047;85.0111909164116;33;11;0;0.778
172;0;15;3;5;5;38;2047;32.6158150588162;33;2;0;0.861
173;0;35;3;12;6;39;2047;72.0760688954033;33;5;0;0.886
64;1;7;3;3;3;37;2047;76.2198933167383;32;2;3;0.854
181;3;10;2;8;4;18;2050;48.3649995480664;31;5;0;0.414
395;30;26;7;9;9;12;2050;78.3798096328974;28;4;4;0.28
72;0;20;3;8;7;17;2052;49.4006217387505;30;11;0;0.349
157;0;30;4;21;14;4;2052;85.3029617411084;29;10;0;0.076
242;3;12;3;8;7;16;2052;90.9643399273045;29;2;1;0.323
108;0;3;3;5;5;34;2052;23.0901629128493;29;8;3;0.716
91;1;4;2;4;4;35;2052;97.022054947447;29;11;0;0.725
31;61;17;2;15;8;10;2057;32.8062756266445;32;1;1;0.204
196;1;60;2;5;5;20;2057;78.7254470167682;32;0;3;0.399
209;0;290;9;11;11;12;2058;76.0533016454428;32;7;1;0.246
170;4;7;2;4;4;16;2060;70.3228088049218;34;10;1;0.295
29;1;9;2;4;4;46;2065;6.95738257002085;35;1;0;0.789
233;0;18;3;9;8;14;2065;19.5106094307266;35;10;0;0.234
315;1;68;4;7;7;8;2065;86.1178960441612;35;10;1;0.135
182;5;10;3;7;7;11;2065;41.5373820764944;35;5;1;0.186
180;0;7;3;8;7;46;2065;64.0022246888839;33;5;1;0.81
61;1;22;6;9;9;41;2065;61.4376391167752;31;8;3;0.73
62;6;98;8;26;19;4;2068;53.3851167536341;29;7;2;0.081
161;2;209;10;21;21;12;2070;89.1018604766577;30;1;1;0.237
111;0;10;5;8;7;44;2071;27.1968784811907;30;2;2;0.852
193;1;7;3;9;5;23;2071;45.2806195802987;29;6;1;0.459
355;0;14;5;7;7;4;2071;58.3369804476388;29;1;0;0.083
31;3;272;7;27;13;42;2076;6.13146945694461;30;3;2;0.884
98;0;57;8;23;17;33;2077;59.9957321118563;30;4;0;0.694
109;2;13;2;6;6;37;2078;37.3283790866844;31;0;2;0.762
319;1819;1031;3;5;5;6;2078;18.4321390488185;30;1;1;0.118
126;1;63;4;8;6;33;2078;8.25446987547912;30;2;0;0.705
242;0;9;4;6;6;11;2079;6.57932949997485;30;1;2;0.239
235;0;84;4;7;7;38;2085;88.1320709665306;35;10;0;0.742
93;0;12;3;3;3;16;2089;99.4572670082562;39;10;1;0.295
70;0;21;4;8;8;42;2089;84.6372653450817;39;3;0;0.768
111;2;29;8;20;15;20;2093;7.85628424305469;43;5;1;0.339
155;1;68;5;11;8;46;2093;11.6178798419423;43;2;1;0.793
46;1;12;4;5;5;52;2093;60.4772481997497;43;8;1;0.894
188;16;26;5;10;7;51;2093;95.5619245860726;43;10;0;0.883
267;3;43;6;8;8;8;2095;12.7342728618532;45;3;1;0.142
637;16;5;7;8;8;12;2096;14.2334300535731;46;2;1;0.223
157;0;24;8;21;15;46;2096;9.5833830202464;46;3;0;0.822
97;3;39;7;25;11;48;2097;9.32162759872153;42;3;0;0.881
198;0;15;6;8;8;45;2097;56.7182785063051;41;9;0;0.846
57;0;223;17;55;32;41;2097;57.1936778910458;37;7;1;0.818
88;0;21;6;16;12;38;2106;29.3011991912499;41;2;1;0.732
127;3;22;4;7;7;23;2108;93.0475960439071;43;10;1;0.422
67;0;76;4;22;14;48;2110;56.6694559319876;43;7;0;0.898
61;1;21;6;10;10;36;2112;75.4563792655244;44;7;0;0.698
46;7;23;2;9;7;7;2114;98.50041865604;46;7;0;0.14
169;0;5;2;7;6;47;2115;47.3632477782667;45;7;2;0.893
109;1;510;5;7;7;8;2116;4.92491081752814;43;3;1;0.149
162;81;106;14;17;17;5;2117;62.9870351706631;41;11;0;0.105
97;0;1592;11;25;21;41;2118;21.5020283567719;42;0;1;0.786
101;0;11;2;8;5;45;2123;15.9144106856547;46;0;4;0.758
189;0;3165;2;4;4;49;2123;7.38638330902904;45;2;1;0.829
500;1;368;7;9;9;1;2123;96.7243824503385;45;7;1;0.012
116;0;25;3;5;5;18;2130;14.2655303166248;41;2;0;0.317
109;1;1;3;3;3;49;2131;44.1157681494951;41;4;1;0.845
109;1;1297;8;12;12;50;2132;66.160823549144;42;9;4;0.863
157;0;38;5;19;14;48;2141;9.32077914988622;44;2;4;0.796
158;0;15;6;9;7;50;2141;39.008503658697;44;10;0;0.825
241;5;131;6;7;7;13;2141;12.1745297522284;44;4;0;0.224
130;0;126;4;5;5;53;2141;11.4546508458443;44;2;1;0.894
205;3;7;3;3;3;6;2142;3.24085297714919;45;1;1;0.1
70;0;21;8;19;14;45;2142;99.2592508718371;45;10;1;0.732
82;0;38;3;5;5;26;2144;56.6227621003054;47;4;3;0.416
298;1;4;3;3;3;10;2152;6.21635690634139;48;2;1;0.153
208;7;10;3;5;3;2;2154;80.1605992997065;50;9;2;0.034
146;0;20;4;6;4;50;2155;50.873263720423;51;8;1;0.787
112;1;69;4;15;13;31;2157;12.5813394295983;42;4;1;0.52
148;1;48;4;5;5;42;2157;41.7494432488456;42;1;1;0.705
83;12;17;2;7;3;5;2158;85.0968467653729;42;9;1;0.078
155;0;1;2;4;2;37;2160;75.4534876882099;44;9;2;0.601
281;1;2;2;2;2;3;2160;59.9962415220216;44;7;4;0.049
121;2;527;5;5;5;43;2160;86.1139050940983;44;7;1;0.687
91;0;427;6;12;9;36;2160;96.276478888467;44;5;0;0.564
305;1;49;5;8;8;2;2162;95.599916477222;42;10;2;0.032
126;270;29;2;6;6;5;2163;84.2829689686187;40;11;3;0.085
161;1;709;3;4;4;29;2163;41.0969785437919;40;9;0;0.482
155;4;2;2;4;2;48;2172;13.153807874769;39;1;1;0.816
135;8;264;4;5;5;17;2173;47.6313711050898;33;7;0;0.289
44;0;14;3;5;3;11;2174;81.1404792428948;33;11;0;0.184
143;8;204;9;40;19;10;2176;43.0049173464067;35;7;0;0.175
205;5;22;2;3;3;19;2176;20.7992518646643;35;1;1;0.31
82;0;12;3;3;3;31;2181;96.2183054629713;39;11;1;0.496
130;46;68;4;19;12;8;2181;73.0235563870519;39;9;3;0.134
91;0;280;3;3;3;44;2181;85.8654455980286;36;4;1;0.715
75;0;40;2;7;5;24;2183;17.3650978924707;31;0;1;0.429
115;1;65;3;3;3;47;2183;65.9470008336939;31;4;4;0.807
139;0;4;3;5;5;42;2183;13.4390486963093;30;8;0;0.723
63;1;13;6;12;10;49;2184;17.3616270441562;29;2;3;0.837
179;1;11;2;4;4;34;2184;44.8761749523692;29;1;2;0.563
149;0;150;7;15;13;40;2188;21.6146040824242;30;0;1;0.709
287;0;87;2;3;3;39;2190;63.4424646990374;30;5;1;0.679
73;1;7491;4;5;5;17;2190;79.9004788184538;30;9;0;0.301
78;0;911;3;5;5;40;2195;43.6603920324706;35;1;0;0.656
158;0;6;2;5;5;52;2195;77.6582010718994;35;10;3;0.839
132;1;15;5;9;9;52;2196;68.0763992923312;36;10;1;0.838
110;0;85;2;5;5;48;2196;31.4097336772829;35;4;0;0.773
165;0;153;2;6;6;43;2196;57.9635594785213;34;4;1;0.694
54;0;350;4;6;6;26;2197;16.9471558532678;35;1;0;0.426
146;1;80;7;19;16;13;2202;75.7862813374959;39;5;0;0.213
71;0;28;2;5;5;57;2206;12.4822440557182;43;1;3;0.887
137;0;25;2;5;5;52;2207;40.8611022098921;42;11;1;0.838
67;7;191;3;9;6;9;2208;24.1071702144109;43;10;0;0.14
64;0;6;2;6;5;29;2208;67.0782584184781;43;2;0;0.474
249;940;41;2;10;8;1;2208;3.9872321691364;42;1;0;0.016
117;1;796;3;6;6;29;2208;42.751502583269;36;7;3;0.504
140;2;57;2;7;7;39;2209;22.6410491182469;37;2;1;0.666
147;2;898;4;9;9;41;2211;27.0494265248999;38;5;1;0.756
126;0;11;3;4;4;19;2222;74.7843682765961;46;11;1;0.368
80;0;1562;5;6;6;34;2222;37.855917357374;45;1;1;0.702
214;0;16;4;5;5;39;2222;8.19113576458767;40;1;1;0.837
91;1;124;3;5;5;12;2222;5.03583865426481;40;3;2;0.266
242;12;97;4;21;16;9;2223;83.5187516361475;41;9;0;0.197
75;18;379;6;20;18;2;2223;50.3106155013666;40;8;1;0.038
159;0;56;4;15;11;26;2223;56.7936128121801;40;5;1;0.532
155;0;245;6;26;19;11;2223;18.0460785026662;40;2;3;0.232
135;0;166;3;4;4;31;2223;67.2235250310041;40;6;1;0.648
109;0;16;4;4;4;33;2229;15.62169237528;45;2;3;0.68
31;5;14;3;3;3;33;2230;85.2025351440534;46;11;0;0.677
148;1;520;11;29;15;25;2232;53.6424067732878;48;7;0;0.52
51;5;1;3;3;3;5;2232;9.82783065596595;46;1;3;0.11
87;1;37;5;5;5;7;2233;45.6399541674182;45;0;0;0.147
211;0;15;4;4;4;42;2233;58.0835477565415;45;5;1;0.884
74;0;110;5;15;10;34;2238;3.21331972046755;48;0;0;0.674
78;0;42;6;14;10;43;2239;29.9005766632035;49;3;1;0.883
323;3;6;4;5;5;9;2239;95.6182956299745;49;11;2;0.178
77;1;24;5;6;6;44;2242;27.0071240793914;52;1;1;0.861
60;0;121;4;7;5;39;2242;34.6380570135079;52;5;1;0.76
192;2;53;2;4;4;42;2242;85.4313853173517;47;3;0;0.879
157;92;8;4;7;7;12;2243;14.8370595928282;48;1;2;0.238
83;0;209;5;19;17;30;2243;59.4515000795946;47;1;3;0.621
80;0;7;3;12;8;42;2245;78.07960790582;49;11;0;0.834
174;1;29;4;6;6;36;2245;84.3656267900951;49;7;0;0.711
131;5;45;3;5;5;34;2251;67.5341164250858;53;6;0;0.671
186;2;49;2;9;8;29;2252;33.7873710528947;48;2;2;0.618
746;1;25;3;6;6;10;2253;10.1816143561155;45;1;2;0.231
204;1;85;5;17;14;34;2253;82.0023637521081;45;8;1;0.766
135;0;5;4;7;7;24;2254;58.3044777601026;45;2;3;0.514
418;1;1804;8;9;9;33;2264;13.2453707163222;50;3;3;0.682
108;3;1596;5;6;6;47;2276;88.2396097527817;57;6;2;0.833
74;0;21;2;3;3;40;2278;77.2025691019371;56;1;0;0.682
247;0;122;5;6;6;3;2280;53.6552285030484;58;8;1;0.049
65;7;15;4;6;6;1;2281;21.1759866401553;58;5;0;0.018
149;8;24;4;12;7;17;2282;26.2262795586139;59;2;4;0.281
57;1;12;3;4;3;33;2287;60.9854223113507;62;8;1;0.527
81;0;26;4;5;5;49;2287;87.3211478861049;61;9;0;0.79
51;0;110;5;15;9;25;2287;92.4621109012514;58;11;3;0.409
162;3;60;4;8;7;52;2287;97.9549685586244;56;10;1;0.846
260;2;121;4;7;6;20;2287;30.9089180314913;55;5;1;0.326
162;0;26;4;5;5;50;2288;32.0548393554054;56;8;0;0.804
295;0;279;12;25;24;37;2288;39.382941715885;55;3;1;0.637
239;0;171;2;3;3;26;2290;79.4927120697685;53;9;3;0.459
31;0;61;3;4;4;42;2290;36.9506121287122;51;5;2;0.745
71;3;29;3;4;4;44;2290;36.0574697866105;50;10;1;0.765
295;0;23;2;3;3;1;2291;30.4749905550852;48;1;0;0.024
137;3;5660;5;5;5;33;2297;96.3457651739009;44;11;3;0.667
233;2;6050;11;20;20;10;2306;55.4966582381167;29;4;2;0.242
39;0;109;7;12;8;38;2316;83.7002057791688;29;11;0;0.827
69;0;376;4;4;4;14;2316;25.3264275402762;29;0;1;0.303
103;0;228;5;8;8;37;2325;8.08362972666509;37;3;2;0.751
79;0;71;4;4;4;42;2326;22.8409414412454;38;1;2;0.839
333;1;24;2;5;5;8;2326;50.3799464832991;38;7;0;0.163
215;1;96;1;2;2;26;2327;38.7596209789626;37;3;1;0.525
26;0;126;4;8;6;28;2330;83.7156264623627;40;9;1;0.57
65;2;320;6;8;8;18;2339;39.3221193458885;46;7;1;0.311
38;0;1218;2;4;4;42;2342;10.5548642901704;49;0;0;0.716
243;0;124;6;10;8;3;2343;54.0580536238849;49;5;1;0.053
94;3;90;2;2;2;36;2349;92.8195773391053;43;9;0;0.69
116;0;13;2;2;2;39;2349;96.327995408792;43;11;0;0.75
179;1;44;3;3;3;39;2349;46.4670159015805;41;4;0;0.741
188;0;81;3;3;3;29;2349;75.8666167338379;41;8;1;0.557
55;0;54;3;4;4;22;2349;66.6947491536848;41;8;0;0.431
82;0;64;2;16;6;45;2350;35.359836188145;42;1;0;0.85
100;1;4;1;2;2;9;2350;6.23883655318059;40;2;3;0.168
314;0;24;1;2;2;14;2350;61.2622194574215;39;7;0;0.288
94;1;21;2;3;3;28;2350;78.2509377668612;35;4;1;0.598
446;1;5;1;2;2;14;2350;38.5903461533599;35;0;1;0.299
171;0;460;1;2;2;21;2350;24.1459287516773;34;4;1;0.438
234;0;175;1;2;2;37;2351;24.7972234431654;35;1;3;0.776
189;1;3;2;2;2;40;2353;4.28758467035368;30;2;1;0.853
104;5;469;5;16;9;12;2353;6.41026608203538;28;2;0;0.267
153;1;270;3;3;3;31;2353;30.7770058233291;27;0;2;0.695
34;0;88;1;3;3;8;2354;87.9635947756469;27;8;1;0.171
236;8;54;1;3;2;7;2354;41.3834337121807;27;3;0;0.159
101;0;18;1;3;3;41;2354;5.67366017540917;27;2;0;0.893
116;2;183;1;7;3;31;2354;45.4604435083456;27;7;0;0.681
293;8;17;1;3;3;13;2354;51.2507515703328;27;7;1;0.272
145;0;26;1;2;2;23;2354;11.7027875129133;16;2;1;0.645
167;1;8;2;4;3;27;2356;3.99202704429626;13;1;0;0.868
149;1;18;2;2;2;21;2356;34.0879282145761;13;2;1;0.668
203;2;4;2;2;2;5;2357;6.49271902209148;9;2;0;0.192
96;1;14;2;2;2;17;2359;48.1603162107058;10;11;1;0.572
121;4;21;2;4;2;2;2359;96.7105342657305;10;1;3;0.051
75;0;209;5;12;7;25;2359;35.6424617953598;10;2;3;0.824
115;0;96;3;3;3;17;2359;61.2035705125891;10;3;0;0.537
66;0;29;2;2;2;16;2361;36.625401864294;11;5;2;0.528
130;0;5;3;3;3;19;2361;6.74525839509442;11;0;1;0.672
247;0;205;2;4;3;6;2361;26.7992414417677;11;3;1;0.192
233;0;10;3;3;3;18;2361;97.9642389481887;11;5;0;0.595
228;1;7;2;3;2;20;2361;8.08542086347006;11;2;1;0.663
138;0;41;2;4;2;23;2361;66.4097891794518;11;2;0;0.753
31;0;72;4;5;5;21;2361;31.208861139603;11;0;0;0.765
195;1;50;3;6;6;13;2361;19.6359056956135;9;1;1;0.484
146;1;4;3;5;5;20;2361;11.5651876246557;9;3;3;0.807
144;1;34;2;9;7;11;2361;24.1715095215477;8;0;1;0.425
442;0;86;3;4;4;5;2362;57.0738281495869;9;10;3;0.196
97;0;29;6;7;7;17;2362;25.6116984807886;8;0;2;0.722
162;0;48;4;4;4;20;2364;67.9479991481639;10;7;3;0.728
77;1;242;7;22;18;23;2367;7.92932538082823;13;2;1;0.781
126;0;16;2;3;3;22;2367;29.4044454861432;13;2;0;0.743
77;0;19;4;4;4;25;2367;87.6051474409178;13;4;1;0.819
81;0;33;2;2;2;23;2367;82.6626454456709;12;0;0;0.83
44;3;800;3;6;6;14;2370;39.1272476757877;14;8;0;0.42
327;1;37;5;7;5;9;2370;9.53144665202126;14;2;0;0.3
179;9;31;1;4;4;14;2374;81.0994365578517;18;9;1;0.391
164;2;39;4;10;7;31;2374;82.5750885973684;15;11;0;0.881
157;3;39;3;3;3;31;2374;11.2971742940135;15;3;0;0.877
31;0;7;2;2;2;27;2375;42.3650657362305;16;7;4;0.766
111;2;31;2;2;2;13;2375;5.44156713830307;16;3;2;0.366
185;41;35;2;3;2;1;2375;7.2874091854319;16;0;4;0.039
179;6;1688;5;11;11;7;2375;21.7948961444199;16;2;2;0.195
314;3;24;2;2;2;19;2375;34.2367804050446;16;3;2;0.542
166;0;8;2;2;2;32;2376;15.5441650492139;15;2;2;0.895
110;0;80;3;10;8;23;2379;25.4011126491241;18;1;2;0.628
248;0;7;4;4;4;19;2383;4.42123180674389;22;3;0;0.519
281;1;42;4;4;4;6;2383;60.4365897621028;21;3;1;0.164
185;8;27;4;7;5;10;2383;66.841838862747;21;5;0;0.276
52;0;77;8;13;10;18;2383;95.2327184588648;20;10;1;0.52
85;0;23;5;10;6;4;2383;39.6068036206998;20;1;1;0.118
123;0;24;4;4;4;25;2383;27.9957695165649;19;2;2;0.748
77;0;6;2;3;2;19;2384;90.8883603848517;18;11;0;0.57
295;2;37;4;4;4;26;2384;7.93466975609772;17;1;1;0.808
81;0;27;4;9;7;26;2384;4.60449471790344;17;2;0;0.84
140;1;29;3;5;4;23;2384;57.894407894928;17;4;1;0.696
140;0;16;3;3;3;28;2384;51.2488275626674;14;5;0;0.836
146;4;13;2;2;2;24;2384;3.77155298902653;13;1;1;0.84
133;3;22;1;2;2;8;2384;43.4757432271726;10;1;0;0.295
259;2;88;4;19;18;14;2384;5.9508591145277;10;3;3;0.514
160;2;9;2;4;4;16;2385;3.40524213924073;11;1;1;0.57
36;2;30;4;4;4;11;2388;3.07493482576683;14;2;3;0.354
165;3;185;7;11;10;18;2388;8.68672833661549;13;1;1;0.592
97;0;65;2;4;4;16;2391;62.5959585024975;16;0;0;0.516
150;1;9;3;3;3;20;2391;6.66562899947166;16;2;1;0.655
152;0;2;2;2;2;18;2391;32.6339198602363;16;2;0;0.556
170;10;50;5;7;7;4;2391;9.75881337211467;16;3;1;0.117
134;2;11;2;4;4;15;2392;36.6338887857273;17;2;0;0.443
109;1;12;2;8;8;4;2392;3.18519401480444;16;2;0;0.116
100;0;43;3;7;6;21;2393;34.705997093115;10;1;0;0.69
102;0;20;2;3;3;22;2393;59.0945305372588;10;7;0;0.71
238;2;40;2;3;3;16;2394;14.2022489057854;11;1;3;0.525
226;1;11;3;4;4;14;2395;42.3157898639329;12;7;0;0.422
162;3;56;3;11;9;22;2397;14.3281147792004;14;1;0;0.678
80;1;13;1;2;2;25;2397;84.5490477024578;14;4;3;0.783
145;5;142;2;4;4;9;2397;26.4636706328019;14;2;3;0.289
137;1;91;6;14;10;28;2397;31.2211496545933;14;4;0;0.879
199;1;223;2;3;3;2;2397;33.7618954549544;14;3;2;0.072
90;0;82;3;9;6;18;2397;43.122464842163;13;4;1;0.55
136;0;7;1;2;2;11;2397;19.2486915225163;13;2;1;0.338
211;0;18;1;2;2;29;2398;39.8264339286834;14;1;1;0.895
420;4;18;1;5;3;19;2398;4.74321088870056;14;1;2;0.599
184;2;55;1;3;3;19;2398;65.4887828230858;14;7;4;0.594
97;0;153;1;4;3;14;2398;24.7575878934003;14;1;2;0.437
200;2;28;2;6;6;23;2399;13.4220222150907;15;1;0;0.688
168;1;22;1;4;4;16;2399;23.0628183414228;15;0;0;0.476
376;0;58;2;3;3;8;2399;26.6304442589171;15;2;1;0.264
89;0;69;1;13;10;26;2399;12.717779178638;15;1;2;0.802
60;89;118;1;3;3;5;2399;26.5808663563803;15;1;1;0.153
265;9;5;1;2;2;10;2399;59.9711639387533;15;7;1;0.281
163;1;16;2;4;4;25;2399;3.38147682952695;15;2;0;0.741
111;1;41;2;5;5;24;2399;74.6765301167034;15;1;0;0.7
462;0;62;3;5;5;8;2401;11.2369308620691;13;3;1;0.243
196;0;15;2;2;2;18;2402;52.0472046802752;11;6;1;0.595
123;1;48;4;9;7;25;2402;31.9198509119451;10;5;3;0.767
97;0;11;4;8;7;15;2402;17.2565663885325;10;1;3;0.447
75;3;48;4;9;9;9;2404;4.38316099904478;12;1;0;0.275
107;1;277;7;8;8;25;2404;18.0598267144524;12;0;4;0.743
47;1;120;6;9;7;19;2405;4.34279539296404;13;1;1;0.554
173;0;3;3;3;3;17;2407;32.2227932349779;15;0;2;0.471
227;1;91;2;3;3;6;2407;30.5671722348779;15;2;2;0.154
633;0;199;5;8;7;2;2407;43.7033741106279;15;5;2;0.046
20;1;67;4;8;8;16;2407;13.4812292736024;15;1;1;0.408
36;0;639;3;4;4;31;2407;61.573937360663;15;4;1;0.823
124;0;1003;15;25;21;21;2408;63.6848443513736;16;0;4;0.54
142;2;389;4;7;7;29;2408;30.0451589608565;15;1;1;0.731
249;0;1968;8;12;11;5;2412;93.345741184894;14;1;1;0.118
121;0;54;7;14;12;35;2416;38.462535366416;17;2;2;0.863
117;0;1394;4;7;7;32;2418;16.5215966361575;17;1;0;0.753
51;1;92;4;4;4;19;2422;24.8447120399214;18;0;1;0.506
196;0;21;4;5;5;26;2422;19.8567232722417;18;1;1;0.705
361;1;68;3;4;4;8;2422;8.24993701744825;17;2;0;0.22
177;1;13;2;2;2;9;2423;3.30970176425762;16;1;1;0.25
126;3;36;3;9;8;8;2423;31.7216321825981;16;1;0;0.217
60;2;5396;4;5;5;31;2423;60.1215651724488;16;6;3;0.88
233;2;114;5;5;5;19;2426;19.9261296563782;16;4;1;0.641
206;1;20;3;3;3;6;2427;38.7508725607768;17;2;3;0.196
304;0;67;4;8;6;15;2427;46.4100948628038;15;1;0;0.477
118;0;172;10;11;11;26;2427;64.2177600110881;13;10;2;0.816
46;21;11;2;5;3;5;2427;5.09811787260696;12;1;3;0.162
83;7;27;5;5;5;7;2427;4.31167471571825;12;2;1;0.213
165;2;27;2;4;3;16;2427;22.3702484066598;11;1;1;0.52
481;0;229;6;7;7;1;2427;14.7022224450484;11;2;0;0.02
66;1;114;3;8;4;26;2427;9.46562836971134;10;3;1;0.834
59;2;25;1;3;2;8;2430;21.054347846657;13;2;1;0.248
309;0;451;5;5;5;8;2430;30.1834961585701;13;2;0;0.271
329;0;505;5;15;8;2;2432;35.4690262698568;14;1;1;0.054
69;0;996;6;6;6;24;2432;46.3308328413405;14;4;1;0.775
312;0;14;3;3;3;4;2432;52.8350285440683;14;8;1;0.114
128;0;128;5;6;5;25;2432;15.7636584970169;14;3;1;0.797
339;0;19;4;4;4;4;2432;30.2215294213966;13;0;2;0.127
303;0;3;2;2;2;1;2432;46.3997985771857;13;6;0;0.041
140;0;17;4;9;6;25;2432;44.4737112079747;13;8;0;0.76
78;0;13;5;6;5;29;2432;19.4092914066277;13;3;0;0.876
86;0;16;3;7;5;5;2432;38.0829477845691;10;2;4;0.182
161;0;40;3;4;4;13;2433;6.6422571905423;10;1;1;0.423
101;0;30;2;9;5;25;2433;27.6582933450118;10;1;1;0.835
499;1;958;4;11;6;1;2433;9.5736203759443;8;2;1;0.037
146;0;17;1;3;3;16;2437;8.74615398608148;11;0;3;0.527
192;3;49;2;3;3;14;2437;7.62498378800228;11;1;3;0.451
120;4;3786;3;6;6;23;2437;29.2611537640914;10;3;3;0.76
273;1;33;6;6;6;21;2438;96.8240617448464;11;10;0;0.641
230;1;4;2;2;2;17;2438;17.9804498655722;11;2;1;0.559
210;1;10;2;4;4;10;2438;75.8909317199141;11;8;3;0.349
180;0;49;5;10;10;17;2438;12.8768597380258;11;1;1;0.502
215;0;1522;3;6;6;2;2443;11.2808861001395;13;2;2;0.065
195;0;2304;4;4;4;21;2443;12.609985456802;13;2;0;0.691
234;6;35;4;5;5;6;2447;55.8546186960302;15;1;2;0.183
257;0;63;5;6;6;24;2453;30.6618477334268;21;3;1;0.76
53;0;350;2;2;2;27;2454;15.4643788584508;21;1;0;0.817
176;1;63;2;2;2;24;2455;29.4512181961909;22;2;1;0.701
98;0;24;2;4;4;26;2455;98.7595146684907;22;3;0;0.767
54;0;127;2;2;2;27;2455;62.8903921600431;18;3;1;0.892
747;0;70;5;8;7;4;2456;8.41400677501224;19;0;1;0.114
195;0;4285;3;3;3;18;2457;3.51823308318853;19;2;2;0.569
181;0;546;6;10;7;26;2458;8.11444995249622;20;1;0;0.806
236;9;727;3;3;3;8;2459;33.6550174676813;21;3;1;0.256
238;1;42;2;2;2;10;2462;21.2942467466928;21;1;2;0.332
170;1;170;4;16;10;13;2466;27.7767433272675;24;2;0;0.435
214;3;25;2;2;2;21;2466;99.2865944444202;24;2;2;0.687
61;5;99;2;2;2;1;2466;20.3413693024777;24;1;0;0.047
188;7;72;2;2;2;4;2466;28.2568511576392;23;1;1;0.119
154;0;122;4;5;5;10;2466;7.73433185368776;13;0;0;0.36
41;0;47;2;2;2;17;2466;34.7300475207157;13;5;3;0.612
156;23;874;4;5;5;16;2467;50.1343936915509;12;1;1;0.592
84;1;110;3;4;4;21;2468;8.69372961716726;13;2;0;0.71
63;0;17;1;2;2;7;2468;42.983947454486;13;2;2;0.249
232;15;9;2;3;2;1;2468;63.3519446849823;13;9;0;0.039
93;0;83;2;4;4;24;2469;11.417328233365;13;0;4;0.826
128;0;64;2;4;3;17;2469;32.8303144616075;13;0;1;0.607
253;24;3;1;3;3;4;2471;46.178994467482;13;4;0;0.151
156;2;15;1;3;3;9;2473;68.3700282429345;7;0;1;0.34
77;5;354;3;5;5;3;2474;8.79332655156031;8;1;0;0.124
273;0;915;1;3;3;13;2474;22.7333249361254;8;3;0;0.48
98;1;79;3;8;8;20;2474;37.4304879689589;8;2;1;0.74
147;0;47;4;9;6;18;2474;6.3471151329577;7;1;1;0.677
23;2;262;3;3;3;15;2474;3.37686131871305;6;1;4;0.573
115;0;51;3;9;6;19;2475;9.15871437708847;7;2;0;0.798
243;1;52010;5;7;5;16;2475;75.5214858753607;7;0;1;0.655
98;2;85;3;3;3;3;2475;16.8705920618959;7;1;0;0.126
177;13;623;4;4;4;7;2476;29.6523065585643;8;0;0;0.293
177;24;13;1;3;3;6;2479;46.0236286697909;9;2;1;0.234
61;0;516;2;13;7;19;2479;3.86446217191406;9;3;1;0.651
78;0;20;4;13;8;20;2481;92.7229838632047;10;11;2;0.726
188;2;37;1;2;2;18;2481;6.0445373612456;10;2;1;0.624
137;1;641;2;3;3;19;2488;22.6935119950213;14;5;1;0.63
74;5;30;4;5;5;20;2488;9.82161357044242;14;1;1;0.753
272;5;40;1;2;2;7;2488;4.33404072374105;14;3;1;0.251
436;1;123;3;4;4;8;2488;90.5314997234382;14;1;3;0.272
302;1;117;2;4;4;4;2493;11.8175776046701;19;1;0;0.114
130;1;12;1;2;2;27;2493;46.646059837658;19;6;4;0.881
182;0;52;1;4;3;22;2495;92.6088277786039;21;11;2;0.694
106;0;49;2;4;4;29;2496;4.9666126286611;22;5;1;0.867
39;0;22;2;2;2;26;2497;98.5510931536555;23;10;0;0.821
188;1;65;3;4;4;24;2497;10.4326633317396;23;0;2;0.732
177;0;121;1;3;3;22;2499;30.9419628977776;21;2;4;0.839
198;2;397;2;4;4;21;2499;7.57162942411378;20;2;1;0.893
97;6;133;2;3;3;7;2499;25.1323374290951;19;2;0;0.279
87;1;28;1;6;3;23;2501;36.3771828939207;17;3;0;0.835
153;0;31;2;3;3;5;2507;8.21851173276082;15;1;1;0.211
67;1;9;1;2;2;19;2509;25.8175497828051;15;2;1;0.814
132;0;15;1;3;3;12;2509;7.6966548433993;15;3;1;0.565
58;1;147;4;5;5;9;2509;10.8199995732866;14;1;0;0.395
89;1;18;1;4;4;18;2509;25.3860888746567;12;2;2;0.81
115;2;176;1;4;4;16;2509;34.5452600764111;12;1;1;0.727
265;3;10;2;3;3;4;2514;18.1656386656687;15;9;4;0.163
93;0;9;3;3;3;16;2533;74.4152671983466;27;1;1;0.79
965;0;67;1;3;3;2;2534;82.7583586261608;27;1;0;0.085
138;4;37;1;2;2;4;2537;4.31966556748375;30;1;0;0.202
392;0;6;2;3;3;3;2537;22.3810185724869;28;3;4;0.181
117;3;24;1;2;2;8;2537;17.0535803539678;28;2;1;0.403
208;0;529;3;4;4;18;2537;59.1209490504116;28;2;3;0.886
125;3;55;2;3;3;7;2537;35.1073639886454;28;3;1;0.43
82;1;204;1;3;3;8;2538;7.91130385035649;25;1;0;0.414
208;0;22;1;4;4;14;2538;5.46624806639738;25;2;1;0.798
218;1;27;2;5;5;5;2540;53.3615259872749;27;2;1;0.259
185;0;6;1;4;4;16;2540;8.85724031249993;26;1;0;0.754
84;2;14;1;9;5;9;2541;3.63107035355642;27;1;0;0.409
194;8;3;1;4;4;4;2541;20.0028866995126;27;0;2;0.222
146;0;459;5;10;9;16;2541;16.9699484715238;27;1;1;0.781
65;1;61;3;4;4;16;2543;17.983153432142;28;0;4;0.747
75;0;112;3;4;4;19;2544;60.5902137770317;29;3;1;0.849
135;3;5;3;4;4;5;2546;12.0589560619555;30;1;1;0.196
121;0;30;2;3;3;22;2548;13.7008631485514;28;2;2;0.888
63;0;924;2;8;8;17;2551;8.63571595097892;21;1;1;0.724
64;0;431;4;7;7;18;2553;18.8533190870658;23;3;1;0.717
124;0;424;3;4;4;11;2559;22.2966640000232;25;2;0;0.414
31;1;553;3;10;8;15;2560;8.78160439920612;25;2;1;0.579
335;14;82;1;5;4;7;2561;6.15057627274655;25;1;4;0.261
189;0;57;1;4;4;19;2565;9.39476257795468;27;1;4;0.773
127;1;188;3;7;5;22;2568;95.9676848631352;28;2;3;0.753
129;0;526;5;9;7;19;2568;29.0044749551453;26;5;0;0.717
212;3;33;2;3;3;14;2569;11.6691828961484;27;2;0;0.486
106;2;67;2;3;3;23;2569;13.3628555829637;27;3;1;0.755
155;0;502;4;6;6;4;2569;5.64499806030653;27;1;1;0.121
133;40;732;2;3;3;20;2569;77.6670830301009;26;7;4;0.654
278;1;36;2;3;3;5;2569;20.8000811515376;25;2;1;0.162
399;6;13;1;1;1;7;2577;7.21184959635139;24;2;0;0.286
255;1;700;4;4;4;18;2577;10.5028140288778;16;3;3;0.702
172;0;29;1;1;1;15;2577;12.6655553188175;15;1;1;0.552
125;1;20;1;1;1;22;2578;22.878118401859;12;1;0;0.88
177;1;3;1;1;1;12;2578;76.9424613402225;12;0;2;0.446
68;0;1028;2;2;2;17;2578;48.1769155664369;12;7;3;0.688
108;0;24;1;4;2;18;2578;7.68574140174314;12;2;1;0.714
69;175;31;1;1;1;1;2580;76.6757210530341;12;2;1;0.051
206;0;14;1;1;1;15;2580;37.8910925937817;12;2;0;0.781
231;2;748;1;2;2;1;2583;12.7451891056262;8;0;1;0.041
259;0;595;1;1;1;9;2586;21.9041126896627;9;0;0;0.663
105;2;29;1;1;1;6;2587;12.1875268011354;10;3;0;0.37
63;0;11;1;1;1;7;2587;4.81217549857683;10;1;1;0.447
212;5;19;1;5;3;4;2588;41.6728313546628;11;1;0;0.229
606;1;85;1;1;1;4;2588;24.5912676141597;11;0;2;0.298
82;2;56;1;6;1;5;2588;21.4044667640701;11;0;1;0.388
159;0;25;1;1;1;8;2588;8.17932912916876;11;1;0;0.623
101;3;2;1;1;1;9;2589;17.120263830293;9;2;1;0.84
293;0;3;1;2;2;3;2589;8.04991914052516;8;0;3;0.286
37;4;7;1;1;1;1;2590;7.50110867712647;7;0;2;0.046
135;1;13;1;1;1;5;2591;21.2665372993797;8;2;2;0.412
123;7;10;1;4;3;2;2591;6.16891295230016;8;2;1;0.324
90;1;23;1;2;2;4;2593;76.1997020174749;7;1;0;0.309
205;0;17;2;2;2;7;2594;13.0311344587244;6;1;2;0.575
126;0;33;1;1;1;9;2595;76.3351513328962;7;11;0;0.835
218;2;3;1;1;1;7;2595;42.6972557674162;7;0;1;0.665
189;0;28;1;1;1;7;2595;18.0593492696062;7;0;1;0.734
380;0;10;1;1;1;2;2595;60.8144946442917;7;1;1;0.033
73;2;93;2;2;2;10;2596;9.19125997344963;7;2;1;0.86
146;4;36;1;1;1;2;2597;7.37106356932782;3;2;1;0.13
45;3;35;1;1;1;1;2597;11.7200598376803;3;1;1;0.082
19;4;42;1;1;1;6;2598;19.1368996817619;4;2;1;0.462
44;1;17;1;1;1;10;2598;46.5588408731855;4;2;2;0.615
166;1;16;1;1;1;15;2599;38.2059664372355;5;0;0;0.866
188;0;57;1;2;1;14;2600;13.9935876568779;6;2;2;0.886
16;4;243;1;4;4;4;2600;59.1323357075453;6;1;1;0.249
146;0;39;1;1;1;5;2600;29.9980214331299;6;2;1;0.324
41;0;8696;4;4;4;7;2600;4.00651884963736;5;0;1;0.511
185;1;28;1;1;1;1;2600;7.4201158862561;5;3;1;0.089
376;0;16;1;1;1;2;2602;18.459059544839;7;2;1;0.156
490;1;70;3;3;3;2;2603;51.9161048484966;7;0;3;0.137
101;1;5;1;1;1;11;2604;49.9825784028508;8;1;0;0.768
256;0;66;1;3;2;12;2609;12.0669677411206;9;2;1;0.83
61;2;21;1;1;1;6;2609;16.804881170392;7;8;1;0.561
170;1;21;1;5;2;8;2609;28.5788065707311;7;2;2;0.652
36;2;189;1;2;2;9;2609;73.0823195888661;7;1;3;0.812
239;0;2593;2;4;4;6;2609;5.37753185839392;5;0;1;0.555
46;9;22778;1;3;3;3;2609;8.82728917547502;5;1;1;0.271
106;0;9;1;3;3;5;2609;36.7900533275679;5;2;0;0.643
163;1;2705;2;4;4;7;2610;3.3849934542086;4;1;1;0.74
64;1;1170;1;2;2;12;2612;35.3464008565061;5;1;1;0.891
97;3;96;1;2;1;14;2617;16.7588704498485;10;0;1;0.896
573;1;18;1;3;3;1;2618;24.6958240424283;11;0;1;0.085
330;0;5141;3;3;3;4;2618;12.7279011067003;10;2;1;0.23
93;0;31;2;4;3;7;2628;40.6814393284731;20;3;1;0.395
171;5;70;2;4;2;18;2630;5.62402552575804;21;3;1;0.884
204;0;10;1;1;1;5;2630;17.4813615181483;21;1;4;0.221
170;0;55;2;2;2;19;2632;34.2160927737132;23;2;3;0.842
123;0;23;3;3;3;21;2634;5.09094338840805;25;1;2;0.855
118;0;22;1;1;1;17;2634;14.9807398254052;25;2;0;0.828
286;0;23474;1;1;1;2;2636;84.1141406376846;27;1;3;0.098
121;63;32;1;1;1;14;2638;30.6316018872894;29;2;0;0.53
352;5;80;1;1;1;4;2644;19.5391159970313;35;1;0;0.174
145;0;10;2;3;3;21;2646;30.5294888885692;37;6;1;0.832
108;2;30;1;3;2;16;2652;8.69251246191561;32;1;4;0.778
116;32;83;2;4;2;2;2652;4.60764415189624;31;2;0;0.13
90;40;17;1;2;1;5;2652;4.89179183612578;30;2;1;0.265
141;35;128;1;1;1;2;2652;15.5359161249362;21;2;2;0.125
121;1;2490;2;3;3;12;2652;46.4096464496106;21;2;1;0.771
196;1;2983;2;2;2;13;2655;28.7041822145693;21;0;3;0.815
171;1;66;1;2;1;11;2659;38.1744509050623;19;0;0;0.787
62;7;408;1;1;1;1;2660;34.1598732885905;20;1;2;0.077
146;0;42;1;4;2;7;2661;73.235909214709;14;0;2;0.574
97;1;19;1;2;1;3;2661;4.1273060226813;14;1;1;0.233
218;3;2386;1;1;1;6;2661;9.98303837375715;9;3;1;0.634
80;0;1;1;1;1;7;2661;17.000051245559;9;2;0;0.594
148;6;132;1;1;1;4;2661;5.93401661142707;9;2;1;0.284
104;1;29;1;2;2;7;2664;31.3689702935517;8;0;3;0.625
183;0;37;1;1;1;8;2665;5.51034006895497;8;2;2;0.703
275;0;6307;4;4;4;6;2665;23.0560941784643;6;2;1;0.541
270;1;18;1;1;1;1;2667;46.953256521374;8;4;1;0.021
399;2;2350;2;3;3;3;2673;14.4871820183471;12;2;1;0.238
160;0;10;2;2;2;14;2673;9.37040825653821;12;2;2;0.877
31;0;294;1;1;1;14;2673;3.15270429826342;12;2;1;0.819
95;0;287;1;4;4;11;2673;34.6885791933164;12;4;0;0.74
226;3;223;3;4;4;9;2678;4.27911484870128;17;2;1;0.613
45;24;12;1;2;2;1;2680;10.9025602135807;19;1;1;0.067
66;1;22;1;2;2;14;2680;5.94870845694095;19;1;4;0.844
254;0;37;2;3;3;5;2682;28.3703389484435;21;1;0;0.219
325;7;5;1;1;1;2;2682;28.7613970204256;21;2;1;0.105
117;3;13;2;3;3;4;2682;8.43322654021904;21;3;0;0.236
127;1;9;1;1;1;15;2682;18.0868116696365;20;1;1;0.79
426;13;25;1;1;1;4;2682;14.391833068803;20;2;0;0.216
153;0;210;2;3;3;13;2682;84.9865415645763;20;2;1;0.663
293;0;30;1;1;1;17;2682;11.7534753168002;19;3;3;0.826
74;0;15;1;1;1;18;2682;24.2427988233976;19;3;1;0.847
138;0;51;2;2;2;15;2683;38.0821661534719;18;1;0;0.724
180;0;261;2;2;2;13;2683;14.4342268863693;18;3;1;0.639
47;6;28;1;1;1;6;2683;13.6127423867583;18;3;3;0.289
817;0;13;1;1;1;2;2683;61.498265620321;16;1;0;0.033
459;0;1049;3;4;4;7;2683;54.9864036310464;15;1;1;0.296
96;0;37;1;3;2;9;2684;34.195902897045;14;2;1;0.388
117;2;47;3;3;3;5;2688;62.555084801279;15;1;1;0.24
143;1;95;3;4;3;14;2688;26.0876565333456;15;2;1;0.632
236;0;235;2;2;2;1;2688;76.201730472967;8;6;0;0.052
71;0;18;1;2;2;17;2688;15.3751435386948;6;1;1;0.858
95;0;11;1;1;1;3;2688;29.998587523587;6;0;2;0.133
97;0;11;1;2;2;14;2689;70.6766426796094;7;0;2;0.833
95;0;27;2;2;2;10;2689;13.8502311287448;7;0;4;0.607
333;0;2388;1;2;2;5;2689;9.91938334424049;7;3;0;0.283
52;0;170;2;4;3;11;2691;11.7044900008477;8;0;1;0.666
60;3;11;1;2;2;7;2691;16.6327622672543;8;1;1;0.439
170;1;17;1;1;1;13;2691;9.62420555623248;8;1;1;0.896
256;0;22;1;1;1;6;2691;58.2352258358151;8;0;0;0.442
61;1;31;1;1;1;11;2691;16.2003342225216;8;2;1;0.806
115;0;12;1;1;1;13;2693;31.5759895532392;9;3;1;0.819
232;0;187;1;1;1;10;2694;6.78099481458776;5;2;0;0.824
128;14;28;1;1;1;3;2694;11.074582641013;5;2;0;0.264
117;0;8;1;1;1;11;2694;12.6787733193487;2;3;0;0.851
79;6;65;1;2;2;3;2695;7.79278978286311;2;1;0;0.274
140;30;11;1;1;1;1;2695;37.5260923849419;1;2;1;0.119
131;0;3;1;1;1;5;2695;53.7379040243104;1;1;0;0.526
213;14;9;1;2;2;2;2695;44.3347881711088;1;0;2;0.204
505;1;16;1;1;1;1;2695;6.83518961188383;1;2;4;0.142
44;3;8;2;3;3;4;2695;3.64572587050498;1;1;3;0.32
193;0;319;1;1;1;8;2695;36.9821647554636;1;1;1;0.746
112;0;9;1;1;1;6;2695;17.6485061272979;1;1;3;0.559
123;0;85;3;4;4;7;2695;4.0035901251249;1;0;1;0.67
44;102;157;2;2;2;2;2696;29.3444962054491;2;2;1;0.165
236;0;3;1;1;1;8;2697;4.85883039748296;3;3;2;0.652
163;0;9;2;2;2;4;2699;21.8073321064003;5;0;4;0.309
137;0;69;3;4;3;9;2701;8.44634472811595;6;2;1;0.747
71;9;9;1;1;1;1;2701;8.58761245175265;6;1;2;0.071
321;0;8;1;1;1;2;2701;13.0499625159428;6;2;1;0.131
287;0;9;1;1;1;8;2701;32.2046901052818;6;2;0;0.555
117;0;1638;1;1;1;10;2701;32.2707540937699;6;3;1;0.747
91;0;27;1;2;1;7;2701;19.6551048010588;6;1;1;0.558
207;0;889;4;4;4;3;2701;15.4835410555825;5;2;2;0.167
241;1;1166;1;2;1;7;2701;26.8961141165346;2;1;1;0.511
69;1;46;1;3;2;6;2701;21.7636908916757;0;2;0;0.522
136;0;5;1;1;1;9;2701;10.9582776180468;0;2;0;0.765
107;2;19;1;1;1;9;2702;22.1033480716869;1;1;4;0.773
163;0;448;2;2;2;5;2702;33.2921518571675;1;2;3;0.385
103;5;180;2;3;2;1;2703;9.32782090851106;2;3;1;0.092
166;0;56;1;1;1;5;2703;6.77858361322433;2;1;2;0.425
196;1;210;1;1;1;7;2704;28.4541823132895;3;0;3;0.545
143;398;8;1;1;1;1;2704;11.1794838053174;3;0;3;0.098
244;0;331;1;1;1;4;2704;34.761224668473;3;2;2;0.238
144;0;8;1;2;2;7;2704;5.53886175598018;3;0;1;0.534
184;1;323;1;1;1;9;2705;83.739778616;4;2;0;0.718
154;0;19;1;2;1;10;2707;4.33836366655305;6;1;0;0.794
583;2;2;1;2;1;3;2707;3.62618990661576;6;1;2;0.208
256;0;29;1;1;1;1;2707;16.8629334005527;6;0;3;0.05
61;1;11;1;1;1;12;2707;13.9894307218492;6;1;0;0.9
87;0;21;2;2;2;9;2707;6.36793049797416;6;1;0;0.71
131;1;100;1;2;1;4;2707;50.1812132704072;5;2;1;0.323
235;1;2;1;1;1;9;2707;30.2000559284352;5;2;1;0.71
361;1;636;1;2;1;10;2707;16.9527823315002;5;0;0;0.719
182;0;10;1;3;2;6;2709;62.8375521395355;2;0;1;0.523
115;0;65;1;2;2;9;2713;6.10371625190601;5;1;3;0.734
729;0;58;1;1;1;2;2713;24.2104770871811;5;1;1;0.186
518;0;64;1;1;1;1;2713;7.919808201259;4;1;3;0.104
304;0;392;1;2;2;2;2713;5.45909140910953;4;2;3;0.213
200;1;8;2;2;2;9;2713;11.3085682247765;4;2;1;0.9
100;1;1;1;2;2;5;2713;56.0882225050591;4;2;2;0.486
161;0;276;2;2;2;7;2714;76.9211941794492;5;2;0;0.603
196;0;18;2;2;2;7;2714;16.5621240879409;5;2;3;0.673
31;0;22;1;1;1;10;2714;34.4294029311277;2;2;2;0.817
21;0;228;2;2;2;10;2714;48.8552612764761;1;2;3;0.781
161;0;812;2;2;2;11;2714;32.6195108448155;1;1;0;0.78
31;2;24;1;1;1;8;2715;65.9783315937966;2;2;1;0.517
120;2;35;1;1;1;11;2715;6.54317106772214;1;3;1;0.778
349;1;5;1;1;1;9;2715;5.57046496099792;1;3;0;0.714
331;7;959;1;1;1;4;2715;36.6003801673651;1;2;0;0.285
99;0;548;2;2;2;6;2716;10.6595550314523;2;0;3;0.71
78;13;6;2;2;2;1;2717;25.8675596164539;2;3;1;0.039
16;0;32;2;2;2;7;2717;15.4927012440749;2;1;1;0.724
251;0;3;1;2;2;9;2718;5.87785818427801;3;1;0;0.743
152;0;28;4;4;4;8;2719;18.2437711744569;3;1;2;0.676
128;0;5;1;1;1;12;2719;6.73487340123393;3;3;1;0.855
948;0;40;1;2;2;4;2719;12.4804872367531;2;1;1;0.28
104;131;9;2;5;4;1;2720;17.6286931568757;3;0;0;0.078
39;1;9;1;1;1;11;2720;5.57880985736847;3;2;2;0.715
97;4;28;1;1;1;5;2720;16.3334282767028;3;3;3;0.295
196;2;16;1;2;2;10;2720;19.214952159673;3;2;0;0.68
89;1;6;1;1;1;12;2720;6.31656628265046;3;1;1;0.83
91;8;4;2;2;2;5;2720;15.8344115200453;3;0;1;0.291
56;2;5;1;1;1;6;2720;29.1832540440373;3;3;1;0.458
99;0;8;1;2;1;10;2720;4.23048190097325;3;1;0;0.636
396;0;9;1;2;2;1;2720;12.4947829428129;3;1;1;0.08
111;14;22;1;1;1;1;2721;13.3934220764786;3;2;1;0.075
71;1;192;1;1;1;14;2721;7.60155939473771;3;3;4;0.847
116;1;3;1;2;2;2;2721;18.0024362681434;3;2;0;0.13
133;1;7;1;4;3;14;2721;3.46288374974392;3;1;1;0.891
251;27;2;1;1;1;1;2723;52.8131172386929;0;3;4;0.067
188;3;9;1;1;1;7;2723;25.3760006627999;0;2;1;0.806
195;16;2;1;1;1;3;2723;27.8422120143659;0;1;1;0.286
232;5;1;1;1;1;6;2723;16.8437527236529;0;0;0;0.572
25;10;78;1;1;1;1;2724;7.32962123118341;1;1;1;0.108
