id;url;category;points_per_view;release_date;total_views;shares_first_day;shares_first_week;shares_first_month;male_shares;female_shares;total_shares;total_users_at_release;1_week_active_users_at_release;2_week_active_users_at_release;1_week_new_users_at_release;2_week_new_users_at_release;active_raffles_at_release;1_week_active_raffles;2_week_active_raffles
273;L9O8j9QPZc8;MISC;4;2014-02-19 14:53:08;53557;9;33;35;13;7;35;1588;16;28;11;20;5;5;5
689;A_8_4XRkm5c;M;30;2014-07-03 02:14:06;52010;5;5;7;3;2;7;2475;22;39;7;20;5;5;5
112;kXzwOKyGlSA;NA;10;2013-12-04 21:11:17;23747;21;26;31;16;10;32;1232;146;198;114;181;7;7;7
813;QJ7CSrcjo_4;MISC;30;2014-09-10 19:23:37;23474;1;1;1;0;0;1;2636;18;21;27;34;0;0;0
799;Hjy6ie16z3s;MISC;30;2014-09-05 00:10:42;22778;1;3;3;0;1;3;2609;4;11;5;13;0;0;0
39;i25Mm9bbsWE;NA;5;2013-10-24 22:59:33;9387;10;21;33;15;23;42;623;165;311;137;376;11;11;12
787;kYNPtDbykp0;MISC;30;2014-08-27 01:18:13;8696;4;4;4;2;1;4;2600;7;11;5;11;7;7;7
422;Gw79smKZB9E;MISC;30;2014-04-03 02:40:04;7491;4;5;5;3;1;5;2190;57;97;30;74;4;5;6
832;2alnVIj1Jf8;MISC;30;2014-09-25 03:32:52;6307;4;4;4;0;2;4;2665;5;11;6;27;0;0;0
487;gO_KyTtJg10;MISC;30;2014-04-21 15:05:49;6050;11;20;20;14;5;20;2306;43;84;29;84;4;4;6
486;UMPyB3n7cLc;MISC;30;2014-04-19 18:13:33;5660;5;5;5;1;3;5;2297;49;80;44;88;4;4;6
625;ECs8ZrmH8D8;MISC;30;2014-06-04 15:02:13;5396;4;5;5;4;0;5;2423;35;57;16;31;5;5;5
805;WHZPEkZCqwA;MISC;30;2014-09-07 20:22:14;5141;3;3;3;1;1;3;2618;9;14;10;21;0;0;0
107;cPoZoMZyY2M;NA;10;2013-12-02 15:04:47;5003;13;23;28;20;6;28;1191;139;178;104;152;7;7;7
665;XbYNAZxcWh4;MISC;30;2014-06-19 22:14:28;4285;3;3;3;1;0;3;2457;29;47;19;30;2;2;7
651;Gk4vnVsx2wc;DEPORTES;30;2014-06-12 13:57:49;3786;3;6;6;5;0;6;2437;30;46;10;27;3;3;3
379;yJ7-v7xVm3I;MISC;15;2014-03-21 04:06:25;3165;2;4;4;1;2;4;2123;59;81;45;75;5;5;6
822;Iudb0amH0sY;MISC;30;2014-09-17 12:34:17;2983;2;2;2;1;0;2;2655;9;25;21;46;0;0;0
801;BAdFvTo9874;MISC;30;2014-09-05 22:46:21;2705;2;4;4;0;2;4;2610;4;10;4;14;0;0;0
797;YoB8t0B4jx4;MISC;30;2014-09-04 23:25:52;2593;2;4;4;0;2;4;2609;4;11;5;13;0;0;0
821;Xbs6eMxa5ds;MISC;30;2014-09-16 18:20:49;2490;2;3;3;0;2;3;2652;9;24;21;43;0;0;0
40;x76VEPXYaI0;NA;15;2013-10-24 23:05:56;2420;12;35;56;48;49;107;623;164;311;137;376;11;11;12
865;5aeKdmw9W50;DEPORTES;30;2014-10-07 13:38:04;2388;1;2;2;0;0;2;2689;11;22;7;27;0;0;0
827;0UjmqErytJc;MISC;30;2014-09-22 23:15:31;2386;1;1;1;0;0;1;2661;5;16;9;34;0;0;0
835;kxLoycj4pJY;MISC;30;2014-09-26 02:48:29;2350;2;3;3;0;2;3;2673;9;14;12;29;0;0;0
657;hHjGtBnSv50;MISC;30;2014-06-16 02:29:21;2304;4;4;4;2;1;4;2443;31;47;13;26;3;3;3
17;ZRd3lrukxu8;NA;30;2013-10-09 13:11:57;2247;2;42;101;61;69;155;220;4;4;10;11;0;11;12
81;ojo9M1cPSPI;NA;10;2013-11-13 21:11:52;2234;10;18;32;10;18;32;946;151;217;111;182;9;9;9
57;cN-YTcSnE6c;NA;10;2013-10-31 15:31:56;2152;8;23;72;70;47;132;769;156;269;151;304;9;10;10
617;sITW5tr7KQg;NA;50;2014-05-29 18:17:38;1968;8;11;12;9;2;13;2412;42;55;14;28;5;5;5
469;hjHnWz3EyHs;MISC;30;2014-04-13 16:53:34;1804;8;9;9;5;2;9;2264;49;85;50;91;5;5;5
8;CWoCaGHhOQo;NA;40;2013-08-07 11:59:00;1761;NA;3;7;82;82;190;207;2;2;1;1;0;0;0
551;VTlXttQL_Yk;MISC;30;2014-05-12 15:26:30;1688;5;11;11;2;8;11;2375;35;49;16;26;4;4;4
893;b1XGPvbWn0A;MISC;30;2014-10-28 18:23:41;1638;1;1;1;0;0;1;2701;8;10;6;7;0;0;0
9;xjz_LizVdU4;NA;150;2013-10-05 22:53:38;1621;1;28;169;142;171;362;214;2;2;5;5;0;11;11
19;n6kyn-7MSFk;NA;100;2013-10-09 13:16:00;1615;1;28;89;96;67;188;220;4;4;10;11;0;11;12
470;3x_5uR_XBOU;MISC;30;2014-04-14 03:27:07;1596;5;6;6;4;1;6;2276;57;92;57;101;5;5;5
376;Go9rf9GmYpM;NA;30;2014-03-20 18:48:32;1592;11;21;25;11;18;31;2118;52;81;42;72;2;5;6
440;eBuC_0-d-9Y;MISC;30;2014-04-07 15:19:37;1562;5;6;6;3;2;6;2222;49;96;45;81;4;6;6
656;XrZFM2nvLXA;MISC;30;2014-06-15 23:43:54;1522;3;6;6;1;4;6;2443;30;45;13;26;3;3;3
619;Ci6lMQNLKZU;VIDEOJUEGOS;30;2014-06-02 14:24:48;1394;4;7;7;5;1;7;2418;42;56;17;27;5;5;5
383;VEQXeLjY9ak;MISC;30;2014-03-22 14:25:33;1297;8;12;12;4;7;12;2132;58;86;42;82;5;5;6
55;BGerX3CTqFw;NA;10;2013-10-30 15:48:42;1260;6;7;18;9;10;23;760;168;277;169;311;9;10;10
496;AqVfoZdYaDQ;MISC;30;2014-04-25 04:15:07;1218;2;4;4;2;1;4;2342;58;90;49;91;3;5;5
16;3wbvpOIIBQA;NA;44;2013-10-09 13:11:27;1204;1;29;81;85;80;187;220;4;4;10;11;0;11;12
802;BUREX8aFbMs;MISC;30;2014-09-06 21:56:48;1170;1;2;2;0;0;2;2612;7;13;5;16;0;0;0
896;aKdV5FvXLuI;MISC;30;2014-10-29 18:00:58;1166;1;1;2;0;1;2;2701;9;13;2;7;0;0;0
150;FoyCgH3kibs;DEPORTES;30;2013-12-26 19:50:18;1158;6;8;8;5;2;8;1392;44;108;14;47;5;5;13
22;KBlBWznWq44;NA;120;2013-10-09 13:17:01;1126;1;31;95;77;58;157;220;4;4;10;11;0;11;12
97;vyABlQ2lm2w;NA;120;2013-11-22 14:37:24;1104;6;47;109;94;64;175;1071;92;218;73;204;8;8;8
855;xQ_IQS3VKjA;DEPORTES;30;2014-10-02 13:43:04;1049;3;4;4;2;0;4;2683;16;20;15;24;0;0;0
349;5ky6vgQfU24;MISC;30;2014-03-14 04:29:17;1031;3;5;5;3;1;5;2078;47;75;30;63;4;7;7
32;CjB_oVeq8Lo;NA;30;2013-10-20 16:02:51;1028;18;49;79;52;59;126;517;190;241;206;302;10;11;11
754;nZx4MichXXE;MISC;30;2014-08-06 14:02:59;1028;2;2;2;1;0;2;2578;19;34;12;40;8;8;8
28;Ug7gZppPhww;NA;70;2013-10-15 13:19:09;1023;27;74;173;40;145;230;386;135;136;170;176;10;10;11
11;2inR8eueoGU;NA;70;2013-10-09 13:09:26;1015;1;55;105;42;126;202;220;4;4;10;11;0;11;12
104;t5ZRuH6kHfE;NA;20;2013-11-30 17:57:03;1012;10;40;54;22;26;54;1161;119;169;87;148;7;7;7
615;MJsujD3yDJw;NA;90;2014-05-28 17:48:17;1003;15;21;25;13;14;28;2408;39;50;16;25;6;6;6
638;JHixeIr_6BM;MISC;30;2014-06-09 17:12:22;996;6;6;6;4;1;6;2432;31;55;14;31;4;4;4
76;aX2KNyaoNV4;NA;100;2013-11-11 14:31:08;971;10;44;107;67;53;133;891;135;210;92;179;9;9;9
935;rLp5hlyrtnE;MISC;30;2014-11-26 18:27:21;959;1;1;1;0;0;1;2715;7;11;1;6;0;0;1
648;igp9sJkuAnU;NA;30;2014-06-11 18:55:44;958;4;6;11;9;0;11;2433;29;50;8;25;4;4;4
736;-7YzXMzZ1bU;MISC;30;2014-07-27 18:37:34;924;2;8;8;3;3;8;2551;21;29;21;49;1;8;8
23;NA6CAgv6p6g;NA;120;2013-10-09 13:17:32;915;1;25;90;66;58;146;220;4;4;10;11;0;11;12
684;ZuU_bw7iAU4;MISC;30;2014-06-30 23:37:43;915;1;3;3;2;0;3;2474;23;39;8;24;6;6;6
423;gzYJaQ0h4Dg;MISC;30;2014-04-03 14:10:14;911;3;5;5;3;1;5;2195;61;100;35;79;4;5;6
437;7q5mgtUOI_w;MISC;30;2014-04-06 03:59:59;898;4;9;9;4;4;9;2211;54;97;38;74;4;6;6
895;k_3RnrJQwh8;DEPORTES;30;2014-10-28 22:28:29;889;4;4;4;2;0;4;2701;8;10;5;7;0;0;0
118;2rVjF_k8V10;NA;120;2013-12-10 02:40:00;883;22;40;52;31;26;61;1319;138;239;110;229;6;6;6
71;voI6JXdqJFM;NA;20;2013-11-07 17:52:03;881;14;27;36;22;16;42;851;113;227;79;231;9;9;9
675;QxVZYiJKl1Y;MISC;30;2014-06-25 13:39:23;874;4;5;5;3;1;5;2467;23;47;12;34;2;7;7
121;zIEIvi2MuEk;IDEAS;20;2013-12-11 02:15:17;851;11;17;20;7;11;20;1334;144;244;115;234;6;6;6
931;RFinNxS5KN4;CINE;30;2014-11-25 17:44:02;812;2;2;2;1;0;2;2714;7;10;1;5;0;0;1
24;DueE8vJXpo8;NA;132;2013-10-09 13:18:06;804;1;29;90;69;70;160;220;4;4;10;11;0;11;12
543;jOlVJv7jAHg;DEPORTES;30;2014-05-09 17:49:22;800;3;6;6;3;2;6;2370;28;50;14;27;4;4;4
98;F3XTAw3tzyI;NA;20;2013-11-22 22:19:35;796;4;19;35;13;16;35;1074;85;213;68;202;8;8;8
435;JI3Qekgp6yI;MISC;30;2014-04-05 16:50:57;796;3;6;6;2;3;6;2208;58;98;36;76;4;6;6
41;dhuUhaNIWLQ;NA;10;2013-10-24 23:17:03;789;11;25;36;15;25;43;623;164;311;137;376;11;11;12
64;LL2GQrvbb1k;NA;20;2013-11-04 03:44:59;772;3;7;15;10;7;19;799;118;242;90;254;8;9;9
113;9QNdx2hs0n4;NA;20;2013-12-05 02:40:35;768;9;17;18;9;5;18;1244;153;211;117;189;6;6;6
25;PwwjcfgTksU;NA;132;2013-10-09 13:18:44;764;2;49;122;87;69;183;220;4;4;10;11;0;11;12
35;Zu4RPW6RUws;NA;77;2013-10-22 13:37:29;758;20;44;82;27;101;146;564;183;274;178;348;10;11;12
758;W9QMM_nTuC4;MISC;30;2014-08-08 16:03:31;748;1;2;2;0;1;2;2583;11;31;8;36;8;8;8
82;ARM42-eorzE;NA;20;2013-11-14 03:14:50;744;14;18;32;7;22;32;955;149;215;109;188;9;9;9
37;UelJZG_bF98;NA;40;2013-10-24 16:13:17;740;11;29;42;42;40;90;619;167;314;152;396;11;11;12
747;gJ_3BN0m7S8;MISC;30;2014-07-31 19:58:51;732;2;3;3;1;0;3;2569;26;37;26;54;8;8;8
667;hQeeJEpBYsg;IDEAS;30;2014-06-20 13:41:26;727;3;3;3;2;0;3;2459;30;48;21;32;2;2;7
68;AnLbe5jy0V0;NA;50;2013-11-05 21:37:29;713;14;37;96;22;91;127;818;118;234;79;245;9;9;9
405;S7LcNUxcQ8Y;MISC;30;2014-03-28 12:43:05;709;3;4;4;1;2;4;2163;61;99;40;85;4;5;7
750;qs_-emj1qR4;MISC;30;2014-08-05 03:26:46;700;4;4;4;0;3;4;2577;22;36;16;40;8;8;8
54;hmWMz10Ftko;NA;30;2013-10-30 14:02:34;695;10;13;38;32;19;57;758;168;281;168;315;9;10;10
136;mU7tXqYplA8;NA;70;2013-12-18 18:00:46;670;12;21;50;29;17;52;1373;90;183;34;149;5;5;5
13;3OM9LLeGRAU;NA;44;2013-10-09 13:10:13;666;1;44;89;36;100;163;220;4;4;10;11;0;11;12
696;1N5THRSp4hM;MISC;30;2014-07-07 13:31:44;641;2;3;3;2;0;3;2488;25;37;14;22;4;4;4
614;g9zhr-OLmc0;MISC;30;2014-05-28 17:31:54;639;3;4;4;3;0;4;2407;38;50;15;24;6;6;6
916;FqnKB22pOC0;VIDEOJUEGOS;30;2014-11-08 13:02:23;636;1;1;2;0;1;2;2707;7;10;5;6;0;0;0
691;sXk2AbdTe68;MISC;30;2014-07-03 03:01:39;623;4;4;4;3;0;4;2476;22;39;8;21;5;5;5
759;mvpMyZCLAIA;DEPORTES;30;2014-08-09 21:53:10;595;1;1;1;0;0;1;2586;10;29;9;36;8;8;8
156;FH1FCBmcNGg;NA;60;2014-01-02 16:04:37;580;11;22;52;46;31;82;1413;38;70;22;36;0;8;8
119;eX0Iy93nqKs;NA;20;2013-12-10 16:13:24;573;19;23;25;9;12;25;1323;141;241;109;231;6;6;6
29;baMMPhfNDdA;NA;90;2013-10-16 15:24:07;556;10;38;81;61;64;141;449;185;186;229;239;10;11;11
36;Cj6ho1-G6tw;NA;40;2013-10-23 20:25:11;553;16;33;50;56;38;106;601;172;304;152;380;11;11;12
739;w0pjD4qpIpg;NA;50;2014-07-28 20:42:27;553;3;8;10;4;6;12;2560;23;32;25;53;1;8;8
936;erLk59H86ww;CINE;30;2014-11-28 15:20:33;548;2;2;2;1;0;2;2716;4;9;2;5;0;0;1
666;Oxc-hhQldBE;NA;40;2014-06-20 02:14:02;546;6;7;10;6;4;12;2458;29;49;20;31;2;2;7
86;M7FIvfx5J10;NA;20;2013-11-17 21:56:07;543;16;20;31;16;14;35;1021;163;253;137;228;8;8;8
18;peMSWg94ZwY;NA;100;2013-10-09 13:15:30;532;1;26;80;67;61;150;220;4;4;10;11;0;11;12
722;S8b1zWOgOKA;VIDEOJUEGOS;30;2014-07-22 21:22:57;529;3;4;4;2;1;4;2537;13;25;28;40;2;2;9
401;H8ol7ojcRU8;MISC;30;2014-03-27 12:56:12;527;5;5;5;3;1;5;2160;62;94;44;85;4;5;6
743;7KPU7DWRe1Y;NA;50;2014-07-31 17:25:33;526;5;7;9;5;2;10;2568;24;35;26;54;8;8;8
450;xEJBPMcbRkk;NA;60;2014-04-09 12:52:54;520;11;15;29;27;7;37;2232;49;85;48;75;5;6;6
693;mzMUTrTYD9s;NA;50;2014-07-04 00:11:44;516;2;7;13;7;4;13;2479;25;40;9;22;5;5;5
373;lLaw6Bbd_So;MISC;30;2014-03-20 03:33:00;510;5;7;7;2;2;7;2116;52;81;43;73;2;5;6
79;WUO-lPubXeI;NA;20;2013-11-12 00:18:20;508;9;14;25;13;13;29;902;134;210;92;176;9;9;9
637;Iy1rumvo9xc;NA;50;2014-06-09 16:58:33;505;5;8;15;9;6;16;2432;31;55;14;31;4;4;4
746;Haik4sNCMNU;CINE;30;2014-07-31 19:28:00;502;4;6;6;3;3;9;2569;26;37;27;55;8;8;8
87;EYEHUOpwNvE;NA;15;2013-11-18 14:58:27;495;9;13;26;13;10;26;1039;164;258;146;238;8;8;8
102;mTWfqi3-3qU;NA;10;2013-11-28 19:47:51;493;15;27;31;13;15;31;1138;110;181;80;162;7;7;7
33;Axz-XKFXDio;NA;80;2013-10-21 18:30:03;490;20;51;92;43;66;128;548;180;263;180;333;10;11;11
38;Dxy4n0UT82o;NA;40;2013-10-24 16:18:10;489;8;30;41;30;36;73;619;166;314;152;396;11;11;12
221;gjl07tunWsY;MISC;30;2014-01-28 00:40:05;478;3;4;4;2;1;4;1551;45;80;13;41;6;6;6
65;MNxh7umVOZ0;VIDEOJUEGOS;20;2013-11-04 20:20:39;476;8;15;36;28;23;56;806;120;241;85;256;8;9;9
511;MFXOs0lHRys;NA;60;2014-04-30 15:56:47;469;5;9;16;7;9;17;2353;45;75;28;65;3;5;5
508;qK-LPEtbajQ;DEPORTES;30;2014-04-29 19:38:03;460;1;2;2;1;0;2;2350;47;74;34;63;3;5;5
730;SfZWFDs0LxA;CINE;30;2014-07-24 14:57:21;459;5;9;10;3;4;10;2541;16;26;27;43;1;8;8
141;EC-zB2aSXXM;NA;50;2013-12-19 16:12:10;456;5;13;36;30;17;49;1378;86;172;35;128;5;5;5
42;j-mEnMMmSrQ;NA;10;2013-10-24 23:41:38;455;7;20;27;19;12;34;623;164;310;137;374;11;11;12
143;51oobrY32dw;NA;30;2013-12-20 03:38:18;452;2;12;29;14;13;29;1378;74;159;26;109;5;5;5
636;HkMNOlYcpHg;M;30;2014-06-09 01:01:26;451;5;5;5;4;0;5;2430;30;54;13;29;4;4;4
4;N6vTMVwMI8A;NA;100;2013-07-07 00:00:00;450;1;26;28;64;56;151;124;78;103;68;124;0;0;0
900;Skpu5HaVkOc;CINE;30;2014-11-01 20:43:29;448;2;2;2;1;0;2;2702;5;12;1;7;0;0;0
47;NxYvJAQyH3s;NA;20;2013-10-26 19:19:29;444;7;24;43;32;24;64;671;170;311;159;370;9;9;10
52;uENITui5_jU;NA;20;2013-10-29 13:30:33;433;2;5;20;13;10;25;733;170;301;169;347;9;10;10
737;JzcYyzCZdiM;CINE;30;2014-07-28 04:40:05;431;4;7;7;1;4;7;2553;21;29;23;49;1;8;8
402;wRipBOQl95o;CINE;60;2014-03-27 16:26:14;427;6;9;12;8;3;12;2160;63;95;44;84;4;5;6
10;KPC6UiwP6Hw;NA;70;2013-10-09 13:08:28;426;1;32;95;26;100;151;220;4;4;10;11;0;11;12
738;ZSzeFFsKEt4;CINE;30;2014-07-28 19:26:26;424;3;4;4;3;0;5;2559;23;32;25;53;1;8;8
824;Wd-T_YTfxDs;VIAJES;30;2014-09-18 17:12:48;408;1;1;1;0;0;1;2660;8;25;20;51;0;0;0
117;S10GMfG2NMY;NA;20;2013-12-09 12:42:35;400;17;25;29;17;10;29;1309;149;235;120;222;6;6;6
96;Y48mUuyTkvo;NA;100;2013-11-22 14:09:11;397;7;41;91;45;37;91;1071;94;218;76;204;8;8;8
707;XvxIdkhsoqU;MISC;30;2014-07-10 22:13:11;397;2;4;4;1;1;4;2499;22;40;20;30;3;3;3
31;sm_mwNj06Uo;NA;132;2013-10-18 14:54:12;395;26;60;115;74;63;156;489;193;221;215;279;10;11;11
921;Sf5QbUkkrs0;VIDEOJUEGOS;30;2014-11-18 12:58:25;392;1;2;2;1;0;2;2713;4;9;4;9;0;0;0
616;C5N0MDF1CYQ;MISC;30;2014-05-28 19:07:55;389;4;7;7;3;3;7;2408;40;51;15;25;6;6;6
30;epNYhbnuzCw;NA;80;2013-10-16 15:32:47;387;10;56;104;60;75;159;449;185;186;229;239;10;11;11
63;IkVt1s_ZFbw;NA;132;2013-11-04 03:18:42;387;14;35;84;65;53;128;799;119;242;92;254;8;9;9
67;qnInWnRCTKk;NA;132;2013-11-05 18:33:29;384;12;37;98;59;52;121;817;122;235;82;246;9;9;9
444;i41FVf7Jl4E;NA;120;2014-04-08 14:31:05;379;6;18;20;21;12;34;2223;48;87;40;71;4;6;6
489;jidziKYG9jk;MISC;30;2014-04-22 23:37:47;376;4;4;4;2;0;4;2316;46;88;29;89;4;4;6
380;TpaQYSd75Ak;MISC;30;2014-03-21 04:27:30;368;7;9;9;3;5;9;2123;59;81;45;75;5;5;6
45;LXO-jKksQkM;NA;20;2013-10-25 14:46:27;367;7;19;26;16;13;31;629;166;299;140;355;9;9;10
168;YEsR7nCLm4Y;DEPORTES;30;2014-01-10 01:00:05;359;9;20;23;12;9;24;1479;82;106;64;86;8;8;8
683;AqfQInqoork;DEPORTES;30;2014-06-30 14:59:56;354;3;5;5;4;0;5;2474;21;41;8;28;1;6;6
428;xs8mTxHU5ag;MISC;30;2014-04-04 00:28:42;350;4;6;6;4;1;6;2197;60;99;35;75;4;5;6
660;No91jykDqYk;MISC;30;2014-06-18 03:38:51;350;2;2;2;1;0;2;2454;33;48;21;31;3;3;8
108;uEdRLlqdgA4;NA;20;2013-12-02 22:30:39;349;11;21;28;16;10;28;1201;144;182;112;162;7;7;7
51;GxhWyaD_SUQ;NA;20;2013-10-29 03:18:28;347;6;13;19;12;10;24;728;170;300;167;344;9;10;10
166;jz_bxQrcH6M;NA;40;2014-01-09 17:28:28;347;11;18;21;8;11;21;1457;65;91;43;66;8;8;8
1;T5JaR2cGDOI;NA;88;2013-06-27 00:31:09;341;23;50;82;16;10;83;3;1;1;3;3;0;0;0
189;PUKMUZ4tlJg;MISC;30;2014-01-14 20:53:12;341;13;19;20;9;9;20;1520;97;125;89;119;7;7;7
90;T7XzyZB6WEM;NA;20;2013-11-20 15:37:20;338;7;24;55;24;28;62;1047;137;236;110;218;8;8;8
160;pOoy7_l2EbI;NA;40;2014-01-07 15:30:25;337;9;17;21;14;12;27;1430;47;68;29;39;0;8;8
905;1NDkVx9AzSY;MISC;30;2014-11-04 19:16:06;331;1;1;1;0;0;1;2704;8;14;3;9;0;0;0
34;whkdZfRWilE;NA;77;2013-10-22 13:36:45;328;13;32;55;23;58;94;564;183;274;178;348;10;11;12
907;7oFmRN0oadI;VIDEOJUEGOS;30;2014-11-05 13:34:05;323;1;1;1;0;0;1;2705;7;13;4;8;0;0;0
197;0Z38VrjdE_I;NA;50;2014-01-16 15:06:23;320;8;15;21;16;13;30;1534;103;129;96;123;6;6;6
495;-K-zDK4wrI4;MISC;30;2014-04-24 22:23:59;320;6;8;8;6;1;8;2339;58;93;46;93;3;5;5
183;JFbNPqaGbDg;NA;40;2014-01-14 01:46:51;319;5;16;21;13;15;29;1510;93;119;80;109;7;7;7
882;plwX5NtF530;IDEAS;30;2014-10-21 13:48:18;319;1;1;1;0;0;1;2695;4;9;1;6;0;0;0
77;zoKj7TdJk98;NA;40;2013-11-11 15:10:30;318;15;42;95;35;52;102;894;137;213;93;182;9;9;9
180;rYUA1I4U4Ek;NA;40;2014-01-13 15:44:53;312;8;12;18;13;9;23;1508;95;118;81;107;8;8;8
62;rtxXV5jKLME;NA;60;2013-11-03 05:32:36;295;4;29;73;36;55;99;790;128;250;105;275;8;9;9
837;ixQkcuZhXg8;MISC;30;2014-09-26 04:46:24;294;1;1;1;0;0;1;2673;10;15;12;29;0;0;0
333;IpbDHxCV29A;MISC;30;2014-03-10 22:53:22;290;9;11;11;3;7;11;2058;49;83;32;96;4;5;8
838;mNtZBcEN6jg;NA;30;2014-09-26 15:50:48;287;1;4;4;2;1;4;2673;11;16;12;26;0;0;0
414;kfS8iz2NaLE;MISC;30;2014-04-01 00:35:00;280;3;3;3;2;0;3;2181;61;101;36;84;5;5;7
481;5enLL5eraYc;MISC;40;2014-04-16 20:36:45;279;12;24;25;14;8;25;2288;58;87;55;100;5;5;5
2;ktBEEsCQYLM;NA;260;2013-07-04 00:00:00;278;31;67;72;15;8;72;67;50;50;67;67;0;0;0
607;YskqvyX1W7M;MISC;30;2014-05-27 15:23:41;277;7;8;8;7;0;8;2404;34;49;12;28;6;6;6
925;20DF6U1HcGQ;CINE;30;2014-11-19 18:17:17;276;2;2;2;0;1;2;2714;5;9;5;8;0;0;0
184;JC4zzuWHK-M;NA;40;2014-01-14 03:49:36;273;6;13;17;13;9;24;1513;95;121;83;112;7;7;7
346;uTbetLBrOvQ;NA;100;2014-03-13 22:36:48;272;7;13;27;17;16;37;2076;48;76;30;63;3;4;7
512;B8Nn_FCYFSI;MISC;30;2014-04-30 17:16:50;270;3;3;3;1;1;3;2353;45;75;27;65;3;5;5
105;BJZBgbH9_Lk;NA;20;2013-12-01 08:04:27;269;13;24;28;12;13;28;1166;123;169;88;149;7;7;7
162;PaAvUOXUohk;NA;40;2014-01-08 01:46:31;269;6;18;21;12;13;26;1431;52;72;30;40;0;8;8
408;xaM-xXgl4Bs;MISC;30;2014-03-31 01:45:41;264;4;5;5;3;1;5;2173;59;98;33;77;4;5;7
687;Eu1klHizoDM;MISC;30;2014-07-02 18:51:41;262;3;3;3;1;1;3;2474;21;37;6;19;6;6;6
852;kxIKZm79JmY;MISC;30;2014-10-01 20:47:38;261;2;2;2;1;0;2;2683;15;19;18;26;0;0;0
214;7J2DpXA_ack;NA;80;2014-01-22 14:51:45;246;6;17;26;21;17;41;1542;47;121;12;110;6;6;6
446;s0d9d-cdxhk;NA;120;2014-04-08 14:59:37;245;6;19;26;23;9;34;2223;48;87;40;71;4;6;6
128;UqUE2_TET9I;DEPORTES;20;2013-12-12 18:49:40;243;14;18;21;13;5;21;1343;126;232;85;207;5;5;5
179;zDawRLFDneY;NA;40;2014-01-13 14:58:12;243;8;11;17;11;10;22;1508;94;117;81;107;8;8;8
785;6w4Gqt-ljb4;MISC;30;2014-08-26 02:15:57;243;1;4;4;2;1;4;2600;9;11;6;12;7;7;7
539;DaeAj-HQnGA;NA;70;2014-05-08 16:25:48;242;7;18;22;9;12;23;2367;25;57;13;37;4;4;4
149;A4QcyW-qTUg;MISC;30;2013-12-24 13:36:14;235;6;11;20;7;12;20;1391;59;137;23;71;5;5;5
859;0-J5Vg0SxLc;VIDEOJUEGOS;30;2014-10-04 21:29:54;235;2;2;2;1;0;2;2688;17;25;8;27;0;0;0
80;76xTdNvYZ0g;NA;20;2013-11-12 01:48:30;234;6;16;30;12;13;30;905;134;212;95;178;9;9;9
59;9d8wWcJLnFI;NA;20;2013-11-02 07:59:06;231;3;13;22;8;16;27;786;144;250;129;276;8;9;9
633;XZzJxWbWXtY;DEPORTES;30;2014-06-06 14:47:02;229;6;7;7;4;1;7;2427;30;55;11;28;4;4;4
490;iD4qsWnjsNU;DEPORTES;30;2014-04-23 13:42:47;228;5;8;8;5;1;8;2325;49;92;37;93;4;4;6
929;bvu-zlR5A8Q;CINE;30;2014-11-23 17:41:59;228;2;2;2;1;0;2;2714;6;11;1;7;0;0;0
101;hDMpWFEy2tY;NA;20;2013-11-26 00:06:17;225;10;27;35;14;14;35;1089;77;196;49;188;8;8;8
366;vnggueyqoQc;NA;150;2014-03-18 01:15:28;223;17;32;55;37;45;89;2097;50;85;37;71;3;6;7
587;jZTCtpZyulM;M;30;2014-05-22 14:55:23;223;2;3;3;2;0;3;2397;32;49;14;33;2;6;6
839;BwFek4V5aP4;DEPORTES;30;2014-09-27 15:42:47;223;3;4;4;2;1;4;2678;11;15;17;29;0;0;0
178;XiKLn97n9Vw;NA;40;2014-01-13 13:58:47;213;7;8;12;9;6;16;1508;95;118;81;107;8;8;8
848;JuU0M2xBasc;CINE;30;2014-09-30 16:59:57;210;2;3;3;1;1;3;2682;14;20;20;30;0;0;0
903;UMnURHXFhuE;MISC;30;2014-11-04 03:36:04;210;1;1;1;0;0;1;2704;8;14;3;9;0;0;0
342;zy9RpsUYyq8;NA;60;2014-03-12 15:17:00;209;10;21;21;9;11;21;2070;51;86;30;75;4;5;8
461;OmTnhXu9dqc;NA;60;2014-04-10 17:04:49;209;5;17;19;19;1;21;2243;49;93;47;82;4;5;5
524;WHq6q8OsSa4;NA;40;2014-05-05 16:34:00;209;5;7;12;7;4;12;2359;27;66;10;52;5;5;5
85;ZXB9WJZUjmA;NA;30;2013-11-17 01:09:55;206;5;11;44;29;19;59;1015;167;253;138;225;8;8;8
70;UFd6WsObOu4;NA;20;2013-11-06 15:49:21;205;6;10;16;9;7;18;829;110;230;69;238;9;9;9
528;8SGQ0VdXvAg;IDEAS;30;2014-05-06 15:22:31;205;2;3;4;2;1;4;2361;26;60;11;46;5;5;5
94;fXXLZc7v2r4;NA;20;2013-11-21 18:42:07;204;11;16;30;13;13;30;1057;110;226;81;206;8;8;8
410;84niw5mYoXk;NA;150;2014-03-31 13:00:43;204;9;19;40;41;23;69;2176;60;97;35;79;5;5;7
724;f-ZE7UVAWvA;DEPORTES;30;2014-07-23 18:58:15;204;1;3;3;1;0;3;2538;15;26;25;41;2;9;9
95;ThdX4ySLfmc;NA;30;2013-11-22 00:48:55;201;7;14;30;16;11;30;1061;98;220;75;196;8;8;8
612;PiF5HHkHvX0;NA;60;2014-05-28 13:34:08;199;5;7;8;6;1;8;2407;37;51;15;24;6;6;6
103;6N0HpAU4i1c;NA;20;2013-11-30 16:33:56;192;9;22;24;9;13;24;1160;117;167;86;147;7;7;7
954;wIElAMEetys;DEPORTES;30;2014-12-11 13:49:01;192;1;1;1;0;0;1;2721;10;13;3;6;1;1;1
432;h1msuWVZZmQ;IDEAS;30;2014-04-04 20:33:51;191;3;6;9;5;3;9;2208;62;102;43;81;4;6;6
796;UowkIRSDHfs;MISC;30;2014-09-03 23:41:33;189;1;2;2;1;0;2;2609;5;12;7;14;0;0;0
742;f0xyzj545tc;NA;30;2014-07-31 03:20:13;188;3;5;7;2;3;7;2568;24;34;28;55;8;8;8
872;dFmrddUD7Og;DEPORTES;30;2014-10-14 04:23:56;187;1;1;1;0;0;1;2694;6;15;5;12;0;0;0
139;sFEnAno-Jzg;MISC;30;2013-12-18 21:46:58;185;5;10;18;8;8;18;1375;94;182;35;142;5;5;5
572;TVgpw0AXzcA;NA;60;2014-05-19 03:22:24;185;7;10;11;10;0;11;2388;29;49;13;29;3;3;7
88;F_ilNh7gkuo;NA;40;2013-11-19 01:07:58;184;6;13;55;17;44;68;1041;157;250;136;231;8;8;8
100;Pv-Do30-P8A;NA;20;2013-11-25 21:44:07;184;10;26;33;12;15;33;1089;77;195;50;189;8;8;8
516;nTYx-LVjHsc;IDEAS;30;2014-05-01 00:12:32;183;1;3;7;2;4;7;2354;46;75;27;64;5;5;5
43;eYthI8sVTME;NA;20;2013-10-24 23:59:55;182;5;17;29;12;20;35;623;163;310;137;373;11;11;12
901;3GG2wKZw3wg;NA;50;2014-11-03 15:46:19;180;2;2;3;1;2;4;2703;6;13;2;8;0;0;0
145;1-8isxa5B_Y;MISC;30;2013-12-22 19:22:24;178;10;16;22;12;7;22;1380;66;145;19;82;5;5;5
715;TbYRDHNnDNc;MISC;30;2014-07-15 22:40:30;176;1;4;4;2;1;4;2509;16;38;12;35;3;3;3
509;B3FCpirYMKQ;MISC;30;2014-04-29 20:22:02;175;1;2;2;1;0;2;2351;48;75;35;64;3;5;5
53;pK2zYHWDZKo;NA;40;2013-10-29 15:22:06;174;9;9;25;16;19;39;733;170;297;169;337;9;10;10
152;AphM9UNdhgY;DEPORTES;30;2013-12-28 18:24:29;173;4;11;21;11;11;24;1398;42;88;20;38;4;4;12
629;nYN_8WvBjEw;DEPORTES;30;2014-06-05 23:09:45;172;10;11;11;7;3;11;2427;28;56;13;29;4;4;4
482;KVDQ8_MT7dA;MISC;30;2014-04-17 00:18:40;171;2;3;3;2;0;3;2290;56;89;53;101;4;4;6
669;hYM4ndcV4Uo;NA;40;2014-06-22 17:14:59;170;4;10;16;8;8;17;2466;30;50;24;36;2;2;7
866;x_pap50wcUs;NA;30;2014-10-08 15:05:40;170;2;3;4;5;0;6;2691;9;22;8;27;0;0;0
12;BsHFiI0h-9E;NA;44;2013-10-09 13:09:51;166;1;23;49;22;52;87;220;4;4;10;11;0;11;12
447;z-N3nb4_zjU;MISC;30;2014-04-08 16:28:19;166;3;4;4;2;1;4;2223;48;87;40;69;5;6;6
142;T-D1KVIuvjA;MISC;30;2013-12-19 17:59:59;165;8;20;24;15;8;24;1378;86;171;35;123;5;5;5
6;aX2KNyaoNV4;NA;132;2013-07-11 00:00:00;162;7;76;82;15;7;83;133;81;110;66;133;0;0;0
115;tJel8dJuPH8;NA;20;2013-12-06 15:47:29;161;8;24;27;15;7;27;1277;161;222;131;205;6;6;6
114;nbp3Ra3Yp74;CINE;30;2013-12-05 15:19:18;160;15;21;26;19;13;35;1249;152;212;118;193;6;6;6
72;sSUNllgMCqY;NA;20;2013-11-08 15:12:34;158;5;10;21;8;12;22;867;125;235;89;238;9;9;9
191;hCRDskZrUMU;MISC;30;2014-01-15 13:50:28;158;5;9;11;4;6;11;1529;102;133;97;128;7;7;7
122;H7jtC8vjXw8;MISC;30;2013-12-11 17:06:42;157;9;15;15;8;5;15;1338;141;241;115;229;6;6;6
885;XlbVB50mIh4;IDEAS;30;2014-10-22 03:01:26;157;2;2;2;0;0;2;2696;5;10;2;5;0;0;0
155;qGf6earGAOc;NA;30;2014-01-02 13:57:49;156;4;10;20;10;15;26;1411;37;68;20;34;0;6;8
198;loGM3VvpsOE;MISC;30;2014-01-16 21:06:24;156;5;6;7;4;2;7;1535;88;129;65;120;6;6;6
427;NcpK0_f1whs;VIDEOJUEGOS;30;2014-04-03 18:00:44;153;2;6;6;4;2;7;2196;62;101;34;79;4;5;6
593;vco0SpSz17g;CINE;30;2014-05-22 21:54:41;153;1;3;4;2;1;4;2398;32;47;14;31;2;6;6
420;pyV57QlGUGI;NA;30;2014-04-02 19:24:41;150;7;13;15;9;10;21;2188;57;96;30;72;5;6;7
713;IehWY6JFjWo;MISC;30;2014-07-15 17:43:38;147;4;5;5;2;1;5;2509;17;38;14;35;3;3;3
585;eqzUI5t9qJ4;MISC;30;2014-05-22 13:50:48;142;2;4;4;1;2;4;2397;32;49;14;33;2;6;6
48;Kayqs74owFI;NA;30;2013-10-27 14:38:49;140;6;10;19;12;17;33;688;176;311;171;377;9;9;10
83;JMJXvsCLu6s;NA;20;2013-11-14 14:04:41;135;15;19;31;8;19;31;968;156;227;117;201;9;9;9
708;oBkqfiN6zJM;IDEAS;30;2014-07-11 04:21:10;133;2;3;3;2;0;3;2499;22;38;19;28;3;3;3
829;RC_0NzJ2mWA;M;30;2014-09-23 01:49:36;132;1;1;1;0;0;1;2661;6;15;9;33;0;0;0
387;aCJQAm_uKyg;MISC;30;2014-03-24 15:57:41;131;6;7;7;2;4;7;2141;59;88;44;86;5;6;6
253;DnWbboMkA-g;NA;70;2014-02-07 21:08:33;130;2;3;22;16;18;38;1576;28;51;13;28;6;6;6
640;TnTYVT6lwBc;VIDEOJUEGOS;30;2014-06-09 20:58:05;128;5;5;6;4;1;6;2432;31;54;14;30;4;4;4
820;PH_Z8Ghuq6E;MISC;30;2014-09-16 17:42:07;128;1;1;1;0;0;1;2652;9;24;21;43;0;0;0
663;t6F8O5A__Ds;MISC;30;2014-06-19 14:12:39;127;2;2;2;1;0;2;2455;30;48;18;28;2;2;7
132;C3Ozz6_pdMI;IDEAS;20;2013-12-16 03:41:52;126;12;15;18;9;8;18;1362;104;202;55;177;5;5;5
389;tJbNw0Aoneg;MISC;30;2014-03-24 16:18:11;126;4;5;5;2;1;5;2141;59;88;44;86;5;6;6
494;SdBXpORSGu0;NA;40;2014-04-24 13:26:42;126;4;6;8;6;3;10;2330;50;87;40;88;3;5;5
75;8lDtmbpYdxY;NA;20;2013-11-10 18:40:29;125;9;11;21;8;10;22;880;132;210;90;182;9;9;9
147;K_wXWIjTFf8;MISC;30;2013-12-23 19:22:43;124;8;14;21;11;9;21;1390;62;139;26;78;5;5;5
442;y9keNVYmERI;VIDEOJUEGOS;30;2014-04-08 02:38:59;124;3;5;5;3;1;5;2222;46;91;40;76;4;6;6
497;au2NEfp2GJE;NA;40;2014-04-25 16:46:56;124;6;8;10;9;2;12;2343;56;87;49;90;3;5;5
173;_ym0rxisOpw;MISC;30;2014-01-10 22:42:55;123;6;9;9;3;5;9;1499;89;118;73;104;8;8;8
699;0pCp8g-VjOs;MISC;30;2014-07-07 19:28:22;123;3;4;4;2;1;4;2488;25;38;14;22;4;4;4
129;q7KswC9wCSY;MISC;20;2013-12-13 00:20:39;122;8;17;17;6;8;17;1348;122;232;81;209;5;5;5
472;HB3xM93rXbY;MISC;30;2014-04-15 00:38:48;122;5;6;6;4;1;6;2280;61;87;58;99;5;5;5
673;dwXFsrp6WBs;CINE;30;2014-06-24 16:58:29;122;4;5;5;4;0;5;2466;24;45;13;34;2;7;7
56;nIsCs9_-LP8;NA;20;2013-10-30 18:09:16;121;5;10;23;7;14;28;761;166;278;166;312;9;10;10
110;jhFqSlvbKAM;NA;20;2013-12-04 01:22:05;121;12;21;21;14;4;21;1218;146;190;120;173;7;7;7
458;7SXs3JZgZtk;VIDEOJUEGOS;30;2014-04-10 03:10:09;121;4;5;7;4;2;7;2242;51;91;52;82;4;5;5
479;39oGCTAJ9Vw;MISC;30;2014-04-16 02:01:51;121;4;6;7;3;3;7;2287;61;89;55;103;5;5;5
706;ZAmq0sxLEDM;MISC;30;2014-07-10 20:48:06;121;1;3;3;1;0;3;2499;23;40;21;30;3;3;3
608;iqZUoZpRv3A;DEPORTES;30;2014-05-27 21:20:29;120;6;7;9;2;5;9;2405;35;50;13;28;6;6;6
272;ZTpn30Pms8I;MISC;30;2014-02-19 00:21:45;119;5;8;8;5;1;8;1583;10;24;6;15;5;5;5
598;jHokcSkXcQk;MISC;30;2014-05-23 17:05:03;118;1;3;3;1;1;3;2399;33;45;15;29;2;6;6
700;5R0_FJ4r73s;MISC;30;2014-07-08 14:24:27;117;2;4;4;1;2;4;2493;27;41;19;27;4;4;4
109;GOAEIMx39-w;NA;40;2013-12-03 20:27:57;116;10;20;25;14;7;25;1214;146;187;120;172;7;7;7
626;WhQovX1zP2E;DEPORTES;30;2014-06-05 01:22:00;114;5;5;5;4;0;5;2426;30;57;16;29;4;4;4
634;BDUIuzIwwTU;NA;30;2014-06-07 23:09:14;114;3;4;8;5;1;8;2427;31;55;10;28;4;4;4
124;K9XCKP9KN7A;DEPORTES;20;2013-12-11 21:49:44;113;11;15;21;13;6;21;1340;136;238;107;220;6;6;6
224;878-LYQEcPs;NA;45;2014-01-28 21:25:33;113;3;5;15;15;7;23;1554;41;72;13;34;6;6;6
182;QguEfBMhpyc;MISC;30;2014-01-13 21:18:03;112;6;9;9;5;2;9;1509;93;118;80;108;8;8;8
732;Iw2oqtZoc8s;VIDEOJUEGOS;30;2014-07-24 20:40:47;112;3;4;4;3;0;5;2544;16;26;29;45;1;8;8
151;23n5icFvqf8;MISC;30;2013-12-27 18:11:57;111;8;10;19;7;10;19;1394;44;95;16;39;4;4;12
159;yxQHgVhxfMc;DEPORTES;30;2014-01-06 20:54:53;111;6;14;17;9;8;18;1429;46;72;28;38;0;8;8
454;EOdAL1gE8t8;NA;60;2014-04-10 01:07:09;110;5;10;15;10;5;17;2238;50;89;48;78;4;5;5
477;wNX9WOuWDSc;NA;40;2014-04-16 00:13:55;110;5;9;15;7;6;15;2287;61;89;58;103;5;5;5
676;2EoQCtPR2-I;MISC;30;2014-06-25 15:09:42;110;3;4;4;1;2;4;2468;25;49;13;35;2;7;7
488;NoSm5y_NjxQ;NA;40;2014-04-22 23:23:43;109;7;8;12;10;3;14;2316;46;88;29;90;4;4;6
190;YI-MIhsx1xg;MISC;30;2014-01-15 03:22:37;108;5;6;6;3;2;6;1527;100;131;95;126;7;7;7
375;FUQhNGEu2KA;MISC;40;2014-03-20 17:56:02;106;14;17;17;7;9;17;2117;52;81;41;71;2;5;6
299;_YEyzvtMx3s;NA;50;2014-02-27 23:36:23;105;5;8;22;15;9;25;2013;106;143;333;434;5;5;6
134;ImlmVqH_5HM;NA;20;2013-12-17 16:22:28;104;8;16;17;8;6;17;1369;102;190;45;155;5;5;5
188;qLcaNjcaNSc;MISC;30;2014-01-14 19:34:31;104;8;10;10;5;4;10;1520;96;123;89;119;7;7;7
279;OTcdutIcEJ4;NA;30;2014-02-21 17:56:10;102;6;23;30;20;13;35;1764;71;79;184;190;5;5;5
120;mBwsUD7jYCI;CINE;30;2013-12-10 21:18:46;100;6;13;23;14;8;25;1330;145;245;116;236;6;6;6
913;iccscUFY860;MISC;30;2014-11-07 14:31:33;100;1;1;2;0;1;2;2707;7;10;5;6;0;0;0
216;_074G_bk5sY;MISC;30;2014-01-24 00:03:38;99;9;9;10;3;6;10;1545;43;101;10;67;6;6;6
671;MD8BkIgp9Fo;MISC;30;2014-06-22 18:00:06;99;2;2;2;1;0;2;2466;30;50;24;36;2;2;7
341;-mQZqKLiMIg;NA;60;2014-03-12 13:40:10;98;8;19;26;11;19;31;2068;55;86;29;74;4;5;8
92;EMlpiey20b8;NA;20;2013-11-21 02:20:08;97;5;7;17;6;8;17;1055;126;234;104;212;8;8;8
148;elojrNqYNtY;NA;30;2013-12-23 20:52:49;97;8;13;26;12;11;26;1391;59;138;26;77;5;5;5
443;F8ImRp16dtY;NA;120;2014-04-08 13:28:03;97;4;16;21;22;11;35;2223;48;87;41;71;4;6;6
78;PHdIECkvWt8;NA;20;2013-11-11 18:34:08;96;7;9;21;12;8;21;898;134;211;92;179;9;9;9
298;Cd-pDzOXP_Y;IDEAS;30;2014-02-27 22:54:07;96;2;5;14;6;6;14;2013;105;142;340;434;5;5;6
493;u6jSKLtmYdM;MISC;30;2014-04-24 00:46:05;96;1;2;2;1;0;2;2327;49;87;37;90;3;5;5
525;mXX7jIIJ7to;MISC;30;2014-05-05 17:18:20;96;3;3;3;1;0;3;2359;27;66;10;51;5;5;5
803;R0EeAnZBGtM;DEPORTES;30;2014-09-07 19:22:24;96;1;1;2;0;1;2;2617;9;14;10;20;0;0;0
66;fZ_JOBCLF-I;NA;30;2013-11-05 15:21:31;95;7;14;25;15;12;30;817;123;238;84;253;9;9;9
106;98BIu9dpwHU;NA;40;2013-12-02 02:55:15;95;9;26;29;13;14;29;1184;132;174;97;150;7;7;7
858;cRbAXWfthtA;CINE;30;2014-10-03 15:50:04;95;3;3;4;2;1;4;2688;17;23;15;27;0;0;0
778;P7aRR86VfTY;MISC;30;2014-08-21 20:29:23;93;2;2;2;0;1;2;2596;6;10;7;15;8;8;8
620;UvZTGtWW8_I;MISC;30;2014-06-03 15:57:51;92;4;4;4;3;0;4;2422;37;57;18;30;5;5;5
193;1NOzkyhA-aQ;MISC;30;2014-01-15 18:58:17;91;6;7;8;2;5;8;1531;103;134;99;130;7;7;7
586;dxa34RatmSc;NA;70;2014-05-22 14:15:17;91;6;10;14;8;5;14;2397;32;49;14;33;2;6;6
610;T74Xek-pDLM;DEPORTES;30;2014-05-28 05:03:13;91;2;3;3;2;1;4;2407;37;51;15;25;6;6;6
498;Ys-mbHXyWX4;CINE;30;2014-04-28 15:46:48;90;2;2;2;1;0;2;2349;52;76;43;72;3;5;5
513;CYveDEem5VA;MISC;30;2014-04-30 22:24:50;88;1;3;3;2;0;3;2354;45;75;27;65;5;5;5
569;NijhhheF8xc;NA;80;2014-05-17 02:52:30;88;4;18;19;9;9;19;2384;25;45;10;28;3;3;7
130;D9BOTXFCpQA;IDEAS;20;2013-12-13 14:00:54;87;12;17;17;7;7;17;1353;119;231;77;208;5;5;5
421;ZJ91qt7-brU;MISC;30;2014-04-03 02:22:52;87;2;3;3;2;0;3;2190;57;97;30;74;4;5;6
310;yZx5Y1UKZqE;MISC;30;2014-03-04 14:21:19;86;3;3;3;2;0;3;2030;43;152;53;447;5;5;6
536;lK1vPu6U2B0;MISC;30;2014-05-07 18:46:24;86;3;4;4;2;1;4;2362;21;57;9;36;5;5;5
46;ngUOX2J7AZA;NA;30;2013-10-26 13:39:29;85;4;7;15;6;17;26;659;163;302;149;360;9;9;10
426;Vv3vrRCrj4E;MISC;30;2014-04-03 17:34:42;85;2;5;5;2;1;5;2196;62;101;35;79;4;5;6
467;7fGGEwY3qVk;NA;60;2014-04-12 17:14:39;85;5;14;17;13;4;18;2253;45;85;45;81;5;5;5
690;NG-uY2wze2Y;MISC;30;2014-07-03 02:41:28;85;3;3;3;2;0;3;2475;22;39;7;20;5;5;5
763;-0gED3rn2Tc;M;30;2014-08-11 18:40:10;85;1;1;1;0;0;1;2588;10;27;11;30;8;8;8
884;Moe97Apzukg;IDEAS;30;2014-10-21 19:32:43;85;3;4;4;0;3;4;2695;4;9;1;6;0;0;0
319;LRP30mhqmnQ;MISC;30;2014-03-06 20:44:12;84;3;3;3;1;1;3;2046;43;137;33;380;4;4;5
352;R_QAyicpMIs;MISC;30;2014-03-14 21:51:48;84;4;7;7;3;3;7;2085;51;78;35;67;4;7;7
138;OXUTxSIfFPw;CINE;30;2013-12-18 19:27:16;83;6;11;18;10;9;20;1373;91;184;34;146;5;5;5
316;ILwqcXTArVI;NA;100;2014-03-05 02:04:25;83;8;19;38;22;22;45;2036;42;155;48;453;5;5;6
679;htgcz87-Wqk;MISC;30;2014-06-26 16:05:40;83;2;4;4;3;0;4;2469;26;48;13;32;1;6;6
818;SB_0vRnkeOk;IDEAS;30;2014-09-14 23:30:11;83;2;2;4;0;4;5;2652;14;24;31;44;0;0;0
140;GtundW1rZ2A;DEPORTES;30;2013-12-19 00:56:30;82;5;12;18;9;7;19;1376;92;180;35;140;5;5;5
588;luPQxJ0hcS0;NA;60;2014-05-22 15:44:18;82;3;6;9;7;3;11;2397;33;49;13;32;2;6;6
740;O4Girrb66lY;MISC;30;2014-07-28 21:05:03;82;1;4;5;1;1;5;2561;23;32;25;54;1;8;8
501;9N5KyjM5v0c;MISC;30;2014-04-28 18:19:09;81;3;3;3;2;0;3;2349;52;76;41;72;3;5;5
429;lYBz6HWBw3A;NA;60;2014-04-04 13:17:42;80;7;16;19;14;5;22;2202;62;100;39;79;4;6;6
554;G7xV08qHulE;NA;50;2014-05-14 00:11:16;80;3;8;10;5;4;10;2379;36;47;18;27;4;4;8
815;ygT4bGJkerk;DEPORTES;30;2014-09-12 03:50:05;80;1;1;1;0;0;1;2644;20;22;35;39;0;0;0
309;2tpqbYGm6gY;NA;90;2014-03-04 14:07:02;79;5;10;29;20;17;40;2030;43;152;56;447;5;5;6
685;YThkirVXzoU;VIDEOJUEGOS;30;2014-07-01 01:25:20;79;3;8;8;6;1;8;2474;23;40;8;24;6;6;6
135;Lv-sY_z8MNs;MISC;30;2013-12-18 14:53:08;78;8;14;14;9;4;14;1371;88;183;34;149;5;5;5
961;YTiWetiJVN8;MISC;30;2014-12-22 01:08:20;78;1;1;1;0;0;1;2724;4;11;1;5;0;0;0
558;UcE_sRrXj10;NA;50;2014-05-14 23:05:15;77;8;10;13;4;9;14;2383;35;45;20;29;4;4;8
196;KhIGT9ndwKg;NA;40;2014-01-16 02:01:31;76;6;10;14;7;11;19;1531;103;130;96;121;6;6;6
369;ev5JqIJvbiE;NA;60;2014-03-19 00:44:50;76;4;14;22;13;9;24;2110;53;88;43;74;3;6;7
58;53_qvMQfvOE;NA;20;2013-11-02 07:39:35;73;2;5;12;6;7;17;786;144;250;129;276;8;9;9
157;Lop41wJ0Ao8;DEPORTES;30;2014-01-06 01:06:36;73;6;14;14;8;4;14;1426;38;69;25;44;0;8;8
133;RY2TF6QEOGs;MISC;20;2013-12-17 11:47:17;72;5;9;10;7;2;10;1368;104;189;49;157;5;5;5
532;hJW5_iZNdFY;DEPORTES;30;2014-05-06 19:13:29;72;4;5;5;2;2;5;2361;24;60;11;46;5;5;5
672;PadCPWsPKRQ;MISC;30;2014-06-23 02:38:32;72;2;2;2;1;0;2;2466;30;50;23;36;2;2;7
3;Sv3xVOs7_No;NA;66;2013-07-05 00:00:00;71;1;26;30;8;5;31;87;59;71;59;87;0;0;0
131;nyc6RJEEe0U;CINE;30;2013-12-15 21:40:49;71;7;9;17;12;7;20;1362;111;216;63;191;5;5;5
226;Bmb3a7ihgpU;MISC;30;2014-01-30 23:38:18;71;5;5;5;1;3;5;1558;38;64;13;23;6;6;6
491;o-wdtGnefYk;MISC;30;2014-04-23 17:18:41;71;4;4;4;2;1;4;2326;50;89;38;93;4;4;6
285;xIVpFgog6FM;MISC;30;2014-02-24 14:26:33;70;4;6;6;3;2;6;1941;113;120;358;365;5;5;5
664;HWOANXNGrZc;NA;40;2014-06-19 16:45:28;70;5;7;8;7;0;8;2456;31;46;19;29;2;2;7
790;i4H2JHp5XOQ;MISC;30;2014-08-28 22:01:01;70;3;3;3;0;2;3;2603;8;13;7;14;7;7;7
808;5rd_WwD_aOQ;DEPORTES;30;2014-09-09 04:35:16;70;2;2;4;2;1;4;2630;15;19;21;30;0;0;0
5;i7hMm8up8jA;NA;66;2013-07-08 00:00:00;69;1;30;33;10;7;35;126;80;105;69;126;0;0;0
69;fb4dpcIYTrc;NA;20;2013-11-06 15:26:36;69;4;8;14;7;8;17;829;110;230;69;239;9;9;9
396;y4IdrG33AhI;NA;60;2014-03-26 14:37:50;69;4;13;15;6;8;16;2157;60;92;42;87;5;6;7
597;WQ8Qu60kxdA;NA;50;2014-05-23 16:07:10;69;1;10;13;5;7;13;2399;32;46;15;30;2;6;6
888;tmeOjFno6Do;CINE;30;2014-10-23 02:08:41;69;3;3;4;2;1;4;2701;7;11;6;9;0;0;0
161;T-MUWJWqOv0;MISC;30;2014-01-07 18:33:51;68;6;12;14;6;7;14;1430;50;71;29;39;0;8;8
337;xNaA9wUo6GE;MISC;30;2014-03-11 14:30:39;68;4;7;7;4;2;7;2065;58;87;35;88;4;5;8
356;cTQvYxELaFI;DEPORTES;30;2014-03-16 00:32:49;68;5;8;11;6;3;11;2093;58;83;43;71;4;7;7
413;631c1fz87I8;NA;100;2014-03-31 20:45:30;68;4;12;19;15;8;25;2181;63;101;39;84;5;5;7
622;CACAmH4r1fw;DEPORTES;30;2014-06-03 20:40:37;68;3;4;4;3;0;4;2422;36;57;17;30;5;5;5
293;cgnceHH_p_I;NA;50;2014-02-26 02:37:08;67;6;12;21;9;12;22;1988;126;133;405;411;5;5;5
613;CThEflzSM4g;MISC;30;2014-05-28 14:29:03;67;4;8;8;5;2;8;2407;38;51;15;24;6;6;6
628;v_i3Lcjli84;NA;60;2014-06-05 19:21:17;67;4;6;8;5;3;10;2427;31;57;15;29;4;4;4
718;4qyioA4MSGM;MISC;30;2014-07-21 20:14:22;67;1;3;3;1;1;3;2534;14;29;27;46;2;2;9
745;jIXwQVFt8Ho;MISC;30;2014-07-31 18:46:14;67;2;3;3;1;0;3;2569;26;37;27;55;8;8;8
793;urzWY6sqVGw;M;30;2014-09-02 22:55:36;66;1;2;3;0;2;3;2609;7;13;9;14;0;0;0
823;fmI_Ndrxy14;VIDEOJUEGOS;30;2014-09-18 14:41:53;66;1;1;2;1;0;2;2659;8;25;19;50;0;0;0
123;FC5FbmsH4fw;IDEAS;100;2013-12-11 18:59:47;65;16;25;25;10;12;25;1339;141;241;112;228;6;6;6
289;_u3BRY2RF5I;NA;60;2014-02-25 14:54:50;65;6;13;24;15;12;29;1978;121;127;395;401;5;5;5
416;-gOHoGQOqHU;MISC;30;2014-04-01 15:11:28;65;3;3;3;1;1;3;2183;58;97;31;79;5;5;7
573;XI-KxARxHKc;MISC;30;2014-05-19 17:36:15;65;2;4;4;2;1;4;2391;31;51;16;32;3;7;7
705;YY6IMLOuaSo;DEPORTES;30;2014-07-09 13:36:14;65;3;4;4;2;0;4;2497;28;41;23;30;4;4;4
876;B7FzWUhgqck;MISC;30;2014-10-16 17:20:24;65;1;2;2;1;0;2;2695;5;13;2;11;0;0;0
918;HSheVhmcYLA;DEPORTES;30;2014-11-17 14:02:06;65;1;2;2;1;0;2;2713;5;10;5;10;0;0;0
89;w9Sx34swEG0;NA;20;2013-11-20 14:41:26;64;5;8;16;6;8;16;1046;138;236;114;218;8;8;8
308;xvT0MCugb58;NA;50;2014-03-04 12:14:38;64;3;7;19;11;8;20;2029;44;152;56;446;5;5;6
503;_U-91r-57_c;NA;30;2014-04-28 21:30:42;64;2;6;16;4;11;16;2350;53;77;42;72;3;5;5
680;Tyw2LjBMLvY;CINE;30;2014-06-26 18:16:18;64;2;3;4;1;2;4;2469;26;47;13;32;1;6;6
920;jhjgAn0ZhHs;MISC;30;2014-11-17 21:46:20;64;1;1;1;0;0;1;2713;4;10;4;9;0;0;0
350;gtJWKfsqrqQ;DEPORTES;30;2014-03-14 05:34:31;63;4;6;8;5;2;8;2078;47;75;30;63;4;7;7
659;m86ae_e_ptU;M;30;2014-06-17 16:01:13;63;5;6;6;1;4;6;2453;32;48;21;31;3;3;8
661;sTte6BQndTQ;CINE;30;2014-06-18 13:12:26;63;2;2;2;1;0;2;2455;34;50;22;32;3;3;8
219;sZwmo_2DOz0;MISC;30;2014-01-24 14:46:57;62;5;8;8;2;5;8;1547;44;95;11;55;6;6;6
318;RBQ-IoHfimQ;IDEAS;30;2014-03-05 15:24:38;62;3;5;12;8;3;12;2040;50;157;45;451;5;5;6
602;PF7EpEnglgk;MISC;30;2014-05-26 01:12:48;62;3;5;5;3;1;5;2401;33;43;13;27;2;6;6
483;4Yb1v0vkEDo;CINE;30;2014-04-17 01:51:39;61;3;4;4;3;0;4;2290;57;88;51;100;4;4;6
731;fIqwcpcgHwY;VIDEOJUEGOS;30;2014-07-24 20:08:22;61;3;4;4;2;0;4;2543;15;25;28;44;1;8;8
26;95IBwJZusgY;NA;44;2013-10-09 15:45:31;60;1;37;56;15;32;56;221;4;4;11;12;0;11;12
332;sQLkJJpAIcU;MISC;30;2014-03-10 19:49:29;60;2;5;5;2;2;5;2057;49;84;32;105;4;5;8
478;lM4FQ_FqEhQ;DEPORTES;30;2014-04-16 01:39:31;60;4;7;8;4;3;8;2287;61;89;56;103;5;5;5
596;0uBOtQOO70Y;MISC;30;2014-05-23 14:46:42;58;2;3;3;1;1;3;2399;32;46;15;32;2;6;6
919;5qanlirrRWs;DEPORTES;30;2014-11-17 16:55:10;58;1;1;1;0;0;1;2713;5;10;5;10;0;0;0
91;PJ_fFrdSKlg;NA;20;2013-11-20 20:37:33;57;5;7;16;7;7;16;1051;129;236;108;217;8;8;8
144;2aXFPZjCsok;DEPORTES;30;2013-12-20 14:00:29;57;3;9;17;9;8;19;1378;74;156;25;102;5;5;5
175;YWZLw6Mo8X8;DEPORTES;30;2014-01-11 05:45:33;57;4;11;13;6;6;13;1499;88;118;73;102;8;8;8
225;Ob-wn52Dkmk;NA;50;2014-01-29 23:50:32;57;5;8;16;11;6;20;1558;41;63;16;27;6;6;6
347;lEOHQQBZbJw;NA;60;2014-03-14 00:50:55;57;8;17;23;11;12;26;2077;47;75;30;63;4;4;7
436;JLSC5HUbvcQ;NA;30;2014-04-05 17:49:31;57;2;7;7;4;2;7;2209;58;98;37;76;4;6;6
741;vdTrr_VRKgU;DEPORTES;30;2014-07-30 03:29:00;57;1;4;4;2;0;4;2565;21;32;27;56;8;8;8
784;fTz4Nhgm_SQ;IDEAS;30;2014-08-25 22:44:00;57;1;1;2;0;2;3;2600;9;12;6;12;7;7;7
74;0DvaP9egBtU;NA;30;2013-11-09 19:12:42;56;2;7;24;16;9;29;875;129;225;88;204;9;9;9
445;dwjKMjIE1rs;NA;120;2014-04-08 14:45:20;56;4;11;15;12;10;23;2223;48;87;40;71;4;6;6
583;JbYXJd3pRdY;NA;60;2014-05-22 00:36:08;56;3;9;11;6;5;12;2397;33;48;14;34;2;6;6
764;ygIgJnGUdeQ;NA;50;2014-08-12 05:03:43;56;1;1;6;3;4;9;2588;7;25;11;27;8;8;8
902;9V-kc5Hc1iE;MISC;30;2014-11-03 17:35:30;56;1;1;1;0;0;1;2703;6;13;2;8;0;0;0
169;D-wxnID2q4A;MISC;30;2014-01-10 12:33:31;55;6;9;10;4;5;10;1490;85;114;67;96;8;8;8
592;MVyRLHjfim8;MISC;30;2014-05-22 20:16:09;55;1;3;3;1;1;3;2398;32;47;14;31;2;6;6
723;xOisF2bEleA;DEPORTES;30;2014-07-22 21:41:55;55;2;3;3;1;1;3;2537;13;25;28;40;2;2;9
810;0ZKkA5hHUoI;MISC;30;2014-09-09 19:09:03;55;2;2;2;1;0;2;2632;17;21;23;32;0;0;0
502;IGSa3S1pSzk;MISC;30;2014-04-28 20:32:55;54;3;4;4;3;0;4;2349;52;76;41;71;3;5;5
514;Qlqe1DXnJKQ;IDEAS;30;2014-04-30 23:17:37;54;1;2;3;1;1;3;2354;46;76;27;65;5;5;5
618;_AkgJZGspCM;NA;40;2014-05-30 13:38:03;54;7;12;14;8;5;14;2416;41;55;17;32;5;5;5
125;HhabgvIIXik;NA;20;2013-12-12 02:33:34;53;11;12;14;10;1;14;1341;130;235;98;214;5;5;5
146;bNuP8jDYUu0;CINE;30;2013-12-23 18:56:02;53;7;10;16;10;6;17;1390;63;139;27;78;5;5;5
459;AURnnpiGOxs;DEPORTES;30;2014-04-10 14:34:47;53;2;4;4;2;1;4;2242;48;92;47;82;4;5;5
233;GaSjwAu3yrI;MISC;30;2014-02-03 18:43:30;52;3;4;4;2;1;4;1565;31;64;15;27;6;6;6
251;FqJdzYY_Fas;MISC;30;2014-02-07 20:56:36;52;4;4;5;3;1;5;1576;28;51;13;28;6;6;6
302;wngsO-Z4n7A;MISC;30;2014-03-03 02:56:59;52;5;6;6;2;3;6;2023;50;149;96;440;5;5;6
702;xs8iK6WcwfA;MISC;30;2014-07-08 16:40:16;52;1;3;4;1;2;4;2495;28;42;21;29;4;4;4
688;qBkAAortU_g;NA;50;2014-07-02 20:23:03;51;3;6;9;3;5;10;2475;20;37;7;20;6;6;6
851;f8bn8es1aYM;CINE;30;2014-10-01 20:39:24;51;2;2;2;1;0;2;2683;15;19;18;26;0;0;0
236;KMpR8v7m-LM;IDEAS;30;2014-02-04 02:04:51;50;2;4;8;6;5;12;1566;32;65;15;26;6;6;6
315;A4vE_vpkr90;MISC;30;2014-03-04 22:47:58;50;4;4;4;2;1;4;2036;39;154;50;453;5;5;6
533;_Q6NqX2bxtA;M;30;2014-05-06 20:57:16;50;3;6;6;2;3;6;2361;23;60;9;45;5;5;5
576;JpyR-Ym7Hck;MISC;30;2014-05-19 18:29:19;50;5;7;7;5;1;7;2391;32;50;16;31;3;7;7
403;8kmUbSud9Jk;MISC;30;2014-03-27 21:24:21;49;5;8;8;1;5;8;2162;63;98;42;86;4;5;6
465;34Q0BB8-2nA;IDEAS;30;2014-04-11 14:43:01;49;2;8;9;6;2;9;2252;47;92;48;89;5;5;5
650;Z0K1qNd2eW4;MISC;30;2014-06-12 01:16:54;49;2;3;3;1;1;3;2437;30;47;11;27;3;3;3
655;E3lQs4dysNw;MISC;30;2014-06-13 13:42:05;49;5;10;10;6;3;10;2438;29;46;11;22;3;3;3
703;qhbliUq0_r4;MISC;90;2014-07-08 18:30:40;49;2;4;4;2;0;4;2496;29;43;22;30;4;4;4
20;ShYiqTg9K8E;NA;132;2013-10-09 13:16:19;48;2;20;21;9;8;21;220;4;4;10;11;0;11;12
164;IL_enMPWT7s;IDEAS;30;2014-01-08 15:46:24;48;8;12;15;9;9;19;1432;55;75;31;41;0;8;8
207;iyqfHvoUtkU;MISC;30;2014-01-21 03:26:19;48;5;7;8;3;4;8;1541;62;124;29;111;6;6;6
397;Cg9PWSHL4Vg;MISC;30;2014-03-26 15:17:05;48;4;5;5;4;0;5;2157;60;92;42;87;5;6;7
538;rf5e7Xc1Hwk;CINE;30;2014-05-08 14:18:38;48;4;4;4;3;0;4;2364;24;57;10;34;4;4;4
604;i0U7aq5EjfQ;NA;60;2014-05-26 23:54:52;48;4;7;9;6;2;10;2402;33;48;10;27;6;6;6
606;jR1XQsCiAKE;NA;60;2014-05-27 03:16:43;48;4;9;9;5;3;9;2404;34;49;12;28;6;6;6
154;P7EP9Ko6IsY;MISC;30;2013-12-30 13:57:45;47;4;8;14;5;7;14;1401;40;85;12;39;1;1;9
195;e4sJa1usbns;MISC;30;2014-01-16 00:36:22;47;4;7;9;2;6;9;1531;103;130;96;123;6;6;6
314;PvQ9InhEKu0;NA;60;2014-03-04 19:42:18;47;6;6;16;9;6;17;2033;42;154;51;450;5;5;6
674;VbISE9IM5Sk;MISC;30;2014-06-24 19:37:03;47;2;2;2;1;0;2;2466;24;45;13;33;2;7;7
686;Xbjdmw8D9-Y;NA;50;2014-07-02 00:25:22;47;4;6;9;6;2;9;2474;24;40;7;20;6;6;6
857;9zTheyLIvRc;MISC;30;2014-10-03 13:33:26;47;3;3;3;2;0;3;2688;17;23;15;27;0;0;0
897;IXshQ5mv1K8;CINE;30;2014-10-30 16:33:13;46;1;2;3;0;2;3;2701;5;13;0;6;0;0;0
201;H5BAel-mHdY;MISC;30;2014-01-18 18:19:07;45;3;10;10;5;4;10;1537;70;125;37;111;6;6;6
464;XmFmYLAveWM;MISC;30;2014-04-11 03:15:25;45;3;5;5;4;0;5;2251;51;92;53;88;5;5;5
111;YU8CvjIwAlY;NA;40;2013-12-04 03:13:52;44;11;15;19;13;3;19;1219;144;190;117;173;7;7;7
500;_fNp37zFn9Q;MISC;30;2014-04-28 17:37:38;44;3;3;3;2;0;3;2349;52;76;41;72;3;5;5
49;-pdZhbsyOSw;NA;30;2013-10-27 15:26:06;43;9;12;18;11;14;27;691;179;313;174;380;9;9;10
158;m4Bm3cs9TFo;IDEAS;30;2014-01-06 01:18:12;43;5;12;15;6;8;15;1426;39;70;25;44;0;8;8
360;WgAbH_9V6xg;MISC;30;2014-03-16 15:58:29;43;6;8;8;3;4;8;2095;58;83;45;73;4;7;7
579;LmDNjZM3Tu8;NA;60;2014-05-21 19:00:07;43;3;6;7;5;2;8;2393;31;47;10;31;3;7;7
163;57e4t-fhXDs;MISC;30;2014-01-08 13:35:54;42;5;7;9;4;4;9;1432;55;75;31;41;0;8;8
203;gGqheJStFLk;NA;40;2014-01-21 00:30:30;42;2;11;12;5;6;12;1538;64;124;28;108;6;6;6
455;h4zyUjQbJ5I;NA;60;2014-04-10 01:27:19;42;6;10;14;8;6;16;2239;49;89;49;79;4;5;5
556;Zk9J5xnTVMA;MISC;30;2014-05-14 19:08:53;42;4;4;4;1;2;4;2383;35;46;21;30;4;4;8
668;GLlpi-0_lB0;MISC;30;2014-06-20 20:02:11;42;2;2;2;1;0;2;2462;28;49;21;35;2;2;7
781;82SDk1kInvI;MISC;30;2014-08-25 14:06:21;42;1;1;1;0;0;1;2598;9;11;4;10;7;7;7
825;Sm0Ny_LcCAY;NA;30;2014-09-19 15:23:42;42;1;2;4;2;1;4;2661;7;25;14;52;0;0;0
61;E5FSWkjFPxs;NA;20;2013-11-02 08:14:23;41;1;7;11;6;7;15;786;144;250;129;276;8;9;9
99;rebEBSm9xmg;NA;20;2013-11-24 23:47:08;41;3;9;16;8;6;16;1086;82;207;58;200;8;8;8
153;JwH1FSkEUwI;MISC;30;2013-12-29 20:46:36;41;2;4;8;3;4;8;1401;42;89;21;40;4;4;12
434;oCruJzlWefE;VIDEOJUEGOS;30;2014-04-05 01:36:51;41;2;8;10;6;4;11;2208;63;102;42;80;4;6;6
531;bOXMKEnra8w;IDEAS;40;2014-05-06 18:44:36;41;2;2;4;1;2;4;2361;26;60;11;46;5;5;5
601;u3PgH86OyEM;MISC;30;2014-05-24 03:41:18;41;2;5;5;3;1;5;2399;34;42;15;25;2;6;6
415;-qL8-VDvMik;NA;60;2014-04-01 13:46:40;40;2;5;7;7;5;13;2183;57;96;31;79;5;5;7
581;jDRTghGZ7XU;M;30;2014-05-21 20:00:03;40;2;3;3;2;0;3;2394;31;47;11;32;3;7;7
646;lGXHVlEklgQ;CINE;30;2014-06-11 04:25:44;40;3;4;4;3;0;4;2433;30;51;10;26;4;4;4
698;hyXJeus-wm4;MISC;30;2014-07-07 19:11:39;40;1;2;2;1;0;2;2488;24;37;14;22;4;4;4
943;Ow2cL-pp6p8;VIDEOJUEGOS;30;2014-12-06 20:51:59;40;1;2;2;0;1;2;2719;8;10;2;5;0;1;1
7;4ekm20rSGs8;NA;66;2013-07-12 00:00:00;39;3;14;22;8;5;25;136;58;104;49;108;0;0;0
364;nUzoCj7LW9c;NA;80;2014-03-17 14:31:09;39;7;11;25;16;10;28;2097;54;85;42;73;4;7;8
546;a0Xn0txuaDw;NA;50;2014-05-12 00:18:29;39;4;7;10;5;4;10;2374;35;50;15;25;4;4;4
547;LTIpdtv_AK8;IDEAS;30;2014-05-12 00:39:52;39;3;3;3;1;1;3;2374;35;50;15;25;4;4;4
786;rLDe29cUz_Y;MISC;30;2014-08-26 02:46:40;39;1;1;1;0;0;1;2600;9;11;6;12;7;7;7
385;LtYhTUJCSsw;NA;100;2014-03-24 03:16:14;38;5;14;19;11;10;24;2141;60;90;44;89;5;5;6
392;6DVf4TifNkg;MISC;30;2014-03-24 23:48:02;38;3;5;5;2;1;5;2144;62;89;47;84;5;6;6
210;jSjY0EPpX88;DEPORTES;30;2014-01-21 19:59:29;37;3;5;7;5;1;7;1541;58;123;21;110;6;6;6
452;9DhJZAhjbcI;IDEAS;30;2014-04-09 20:01:50;37;5;5;5;4;0;5;2233;47;86;45;75;5;6;6
544;cSGZyRBpMBE;CINE;30;2014-05-09 18:06:10;37;5;5;7;2;4;7;2370;28;50;14;27;4;4;4
562;3JdT4fDi4iI;MISC;30;2014-05-15 17:09:53;37;4;4;4;2;1;4;2384;32;44;17;30;3;3;7
695;uXOdL7YJRNs;MISC;30;2014-07-04 17:26:45;37;1;2;2;1;0;2;2481;24;35;10;20;5;5;5
719;JjEsWj369rc;MISC;30;2014-07-22 04:24:38;37;1;2;2;1;0;2;2537;15;27;30;45;2;2;9
831;dkpzgS9rdTk;DEPORTES;30;2014-09-24 20:49:56;37;1;1;1;0;0;1;2665;5;12;8;29;0;0;0
842;wTcNtgA6gHs;NA;40;2014-09-29 12:40:54;37;2;3;3;4;0;5;2682;14;18;21;30;0;0;0
856;bPH3nMvi9O0;CINE;30;2014-10-02 21:07:04;37;1;2;3;1;1;3;2684;16;21;14;24;0;0;0
624;XcAu_TVyuAk;NA;50;2014-06-04 14:46:36;36;3;8;9;5;3;11;2423;35;57;16;31;5;5;5
748;p1fAZxSkfRo;MISC;30;2014-07-31 20:40:52;36;2;3;3;1;0;3;2569;26;37;25;54;8;8;8
779;zHg8lKk3vJo;CINE;30;2014-08-24 20:19:02;36;1;1;1;1;0;2;2597;9;11;3;9;7;7;7
322;nEk_CgJEx6U;IDEAS;30;2014-03-07 01:09:55;35;3;6;12;6;5;12;2047;44;133;33;353;4;5;5
550;hlp1gf4uRGE;IDEAS;30;2014-05-12 14:31:12;35;2;2;3;1;1;3;2375;35;49;16;26;4;4;4
658;FTByHbjgz8k;M;30;2014-06-16 16:13:05;35;4;5;5;2;1;5;2447;33;48;15;29;3;3;8
780;dTQjchn1KHE;IDEAS;30;2014-08-24 20:38:23;35;1;1;1;0;0;1;2597;9;11;3;9;7;7;7
933;8VlAzVqm2HQ;DEPORTES;30;2014-11-26 15:46:27;35;1;1;1;0;0;1;2715;7;11;1;6;0;0;1
174;SZggI6x6F8U;MISC;30;2014-01-11 01:09:50;34;5;10;10;4;4;10;1499;89;119;73;104;8;8;8
176;5Cw5rnFcZJA;CINE;35;2014-01-13 02:15:09;34;3;9;10;5;4;10;1507;94;116;81;106;8;8;8
235;dYw4meRWGd4;NA;50;2014-02-04 01:35:43;34;2;6;19;12;12;25;1566;32;65;15;26;6;6;6
297;JMSbrFLBz64;MISC;30;2014-02-26 20:03:24;34;4;4;4;3;0;4;2001;122;137;411;422;5;5;5
535;sj4A6g2GP30;NA;50;2014-05-07 15:52:56;34;2;7;9;4;5;10;2361;21;57;8;36;5;5;5
137;_ObE4_nMCjE;IDEAS;30;2013-12-18 18:43:42;33;6;12;12;7;4;12;1373;91;184;34;147;5;5;5
218;9nSWc43TLaI;MISC;30;2014-01-24 12:54:30;33;4;9;9;4;4;9;1547;44;96;11;57;6;6;6
300;Ifkp5VOCitQ;NA;100;2014-03-01 20:43:04;33;4;8;22;17;11;29;2022;65;147;164;439;5;5;6
542;b5aN5ecs920;MISC;30;2014-05-09 01:13:12;33;2;2;2;1;0;2;2367;26;53;12;27;4;4;4
652;QgqUI6e1T5E;MISC;30;2014-06-12 22:51:34;33;6;6;6;4;1;6;2438;29;45;11;24;3;3;3
744;sOpuSRj7IN4;MISC;30;2014-07-31 18:24:21;33;2;3;3;1;0;3;2569;26;37;27;55;8;8;8
774;1bOlxJ7K0ls;IDEAS;30;2014-08-19 16:35:12;33;1;1;1;0;1;2;2595;5;11;7;18;8;8;8
84;NTqFmdJxWmI;NA;15;2013-11-17 00:49:28;32;3;5;19;12;7;21;1015;167;253;138;225;8;8;8
186;pLpDXkMQmcc;IDEAS;30;2014-01-14 16:12:20;32;7;9;9;5;3;9;1518;96;123;88;117;7;7;7
234;RGr9t5Wfrv0;NA;50;2014-02-03 20:47:58;32;3;6;13;12;7;20;1566;32;66;16;28;6;6;6
814;4nCIzPuLYJA;IDEAS;30;2014-09-11 13:06:05;32;1;1;1;0;0;1;2638;19;22;29;36;0;0;0
939;t_77GeNEzFQ;CINE;30;2014-12-03 19:10:02;32;2;2;2;1;0;2;2717;4;9;2;3;0;1;1
545;DePFiF-nNoE;M;30;2014-05-10 19:39:07;31;1;4;4;1;2;4;2374;36;52;18;27;4;4;4
549;w1m51I95PSI;MISC;30;2014-05-12 14:12:54;31;2;2;2;1;0;2;2375;35;49;16;26;4;4;4
710;HHXdCIIGgXY;MISC;30;2014-07-15 04:25:34;31;2;3;3;2;0;3;2507;17;37;15;33;3;3;3
756;zvAgYeHAoic;DEPORTES;30;2014-08-07 13:48:32;31;1;1;1;0;0;1;2580;17;33;12;39;8;8;8
807;7G506d1pmjE;NA;40;2014-09-09 01:24:15;31;2;3;4;2;0;4;2628;14;18;20;28;0;0;0
870;CIEdjAm2aPw;MISC;30;2014-10-08 23:49:32;31;1;1;1;0;0;1;2691;9;22;8;26;0;0;0
165;JEhY-b_Ih6A;MISC;30;2014-01-09 02:40:28;30;6;8;9;5;4;10;1436;54;77;25;45;0;8;8
265;_mbdtupCbc4;DEPORTES;30;2014-02-13 19:54:46;30;2;3;8;5;2;8;1579;16;39;6;21;5;5;5
327;Zgu3MTwXn0s;NA;100;2014-03-10 02:58:28;30;4;14;21;17;10;28;2052;48;87;29;125;4;5;8
571;Lj6iM_HaTCg;MISC;30;2014-05-18 16:46:29;30;4;4;4;2;1;4;2388;27;48;14;31;3;3;7
647;dVz-2VuAYlY;NA;30;2014-06-11 04:43:41;30;2;5;9;7;2;11;2433;30;51;10;26;4;4;4
697;Snph22qSUMU;MISC;30;2014-07-07 14:49:15;30;4;5;5;3;1;5;2488;25;37;14;22;4;4;4
735;v-7Fs9HJvs0;MISC;30;2014-07-25 23:00:46;30;2;3;3;1;0;3;2548;20;30;28;48;1;8;8
817;GHO_5sZUes0;NA;40;2014-09-14 22:55:19;30;1;2;3;2;0;3;2652;15;24;32;44;0;0;0
849;nIwzorwYTqs;MISC;30;2014-09-30 18:18:09;30;1;1;1;0;0;1;2682;14;20;19;30;0;0;0
192;vnI0UfKPaOo;CINE;30;2014-01-15 15:19:56;29;4;6;10;6;4;11;1531;103;133;99;130;7;7;7
317;ubGpDoyJvmI;CINE;30;2014-03-05 12:32:26;29;7;12;18;13;3;18;2039;47;158;45;456;5;5;6
355;H05At3ohbRE;NA;60;2014-03-15 19:27:47;29;8;15;20;9;10;20;2093;58;84;43;71;4;7;7
404;5I_QzPLEjM4;MISC;30;2014-03-28 02:44:11;29;2;6;6;3;2;7;2163;61;98;40;86;4;5;7
463;qP755JkDxyM;CINE;30;2014-04-10 18:50:33;29;4;6;6;4;1;6;2245;50;91;49;83;4;5;5
484;GjmNjbkKaPk;MISC;30;2014-04-17 02:17:50;29;3;4;4;3;0;4;2290;57;89;50;100;4;4;6
526;LumZrhi3HDY;CINE;30;2014-05-05 22:22:17;29;2;2;2;1;0;2;2361;26;67;11;53;5;5;5
537;fQn1FnB7kQU;MISC;30;2014-05-07 21:06:45;29;6;7;7;4;2;7;2362;21;56;8;35;5;5;5
564;Xjs1y6m9ETk;CINE;30;2014-05-16 04:36:34;29;3;4;5;3;1;5;2384;29;44;17;28;3;3;7
751;YcwrRA2BIlw;DEPORTES;30;2014-08-05 17:18:28;29;1;1;1;0;0;1;2577;22;35;15;40;8;8;8
760;9Db6JZHh0SA;MISC;30;2014-08-10 14:59:27;29;1;1;1;0;0;1;2587;10;28;10;36;8;8;8
830;NK-T_t166TY;MISC;30;2014-09-24 14:25:06;29;1;2;2;1;0;2;2664;5;13;8;29;0;0;0
910;RkLn2gR7SyE;MISC;30;2014-11-06 20:12:36;29;1;1;1;0;0;1;2707;7;10;6;6;0;0;0
430;2U3zEfpp_Uc;MISC;30;2014-04-04 17:57:08;28;2;5;5;2;1;5;2206;64;103;43;80;4;6;6
594;UIkkiyGKfA0;VIDEOJUEGOS;30;2014-05-23 04:17:28;28;2;6;6;4;2;7;2399;33;47;15;32;2;6;6
709;nnL_8H22NuA;NA;50;2014-07-12 17:11:57;28;1;3;6;4;2;7;2501;23;41;17;30;3;3;3
776;XLZOjLv0_6k;MISC;30;2014-08-19 20:26:52;28;1;1;1;0;0;1;2595;5;11;7;18;8;8;8
788;BopDHDQGud8;MISC;30;2014-08-27 04:47:57;28;1;1;1;0;0;1;2600;8;13;5;11;7;7;7
853;HjHiC0mt4Ts;IDEAS;30;2014-10-02 03:57:59;28;1;1;1;0;0;1;2683;16;20;18;24;0;0;0
873;g7CRMrR24Mo;MISC;30;2014-10-14 18:55:47;28;1;1;1;0;0;1;2694;6;14;5;12;0;0;0
941;62E4FJTwSuc;CINE;30;2014-12-04 18:59:16;28;4;4;4;3;0;4;2719;5;7;3;5;0;1;1
946;XEUMwxzyDxI;DEPORTES;30;2014-12-09 12:53:07;28;1;1;1;0;0;1;2720;10;11;3;6;1;1;1
177;xZY43QSx3Fk;MISC;30;2014-01-13 12:58:21;27;8;12;13;8;4;13;1508;95;118;81;107;8;8;8
205;YRbakPKgU5Y;MISC;30;2014-01-21 02:25:00;27;5;9;9;4;4;9;1541;63;124;30;111;6;6;6
209;r42x5233aVI;CINE;30;2014-01-21 19:22:09;27;3;5;8;5;2;8;1541;58;123;22;111;6;6;6
254;TAZIvyAJfeM;MISC;30;2014-02-10 15:16:27;27;2;2;4;1;2;4;1576;26;48;12;26;6;6;6
557;0BYovvLhy7A;CINE;30;2014-05-14 19:26:51;27;4;5;7;4;2;7;2383;35;46;21;30;4;4;8
563;Fv7j_KSanEk;NA;50;2014-05-15 20:36:13;27;4;7;9;6;3;10;2384;31;45;17;30;3;3;7
631;_TxV4dkRi8M;MISC;30;2014-06-06 01:00:38;27;5;5;5;3;1;5;2427;29;56;12;29;4;4;4
632;1gMMM62NC-4;IDEAS;30;2014-06-06 13:54:39;27;2;3;4;2;0;4;2427;30;55;11;28;4;4;4
726;GNBwTzJnIeE;DEPORTES;30;2014-07-24 03:13:45;27;2;5;5;2;1;5;2540;15;25;27;42;1;8;8
863;PlLR9ANGsOo;IDEAS;30;2014-10-06 23:15:22;27;2;2;2;1;0;2;2689;11;24;7;28;0;0;0
894;dQ7yVvxk8Q4;NA;50;2014-10-28 19:56:03;27;1;1;2;3;1;5;2701;8;10;6;7;0;0;0
127;zRyL9TkdJo8;CINE;20;2013-12-12 17:52:58;26;8;10;10;7;1;10;1343;128;232;89;207;5;5;5
259;5HEJGGpco6g;IDEAS;30;2014-02-12 00:44:39;26;2;5;8;8;4;14;1577;19;45;9;23;6;6;6
275;Xyy7CuxX73E;MISC;30;2014-02-19 16:08:55;26;7;8;8;4;3;8;1589;17;28;12;20;5;5;5
325;pbVfmmsdk1c;MISC;30;2014-03-09 21:05:46;26;7;9;9;6;2;9;2050;42;81;28;135;4;5;8
359;FmHDfTBXEE0;DEPORTES;30;2014-03-16 03:53:12;26;5;7;10;6;3;10;2093;58;83;43;71;4;7;7
476;LT1ycFs618g;VIDEOJUEGOS;30;2014-04-15 23:09:59;26;4;5;5;4;0;5;2287;62;89;61;103;5;5;5
480;gsjtg7m1MMM;CINE;30;2014-04-16 12:27:40;26;4;5;5;4;0;5;2288;62;91;56;104;5;5;5
518;3QBneqCstAs;MISC;30;2014-05-01 20:15:03;26;1;2;2;1;0;2;2354;36;74;16;63;5;5;5
211;N4RRFjRm0jo;DEPORTES;30;2014-01-21 23:31:18;25;3;3;3;1;0;3;1541;53;123;17;110;6;6;6
381;WCSN4jR7a3k;MISC;30;2014-03-22 03:29:24;25;3;5;5;3;1;5;2130;58;85;41;80;5;5;6
431;tc6JMiaLxzg;NA;60;2014-04-04 20:00:38;25;2;5;5;4;3;8;2207;62;102;42;80;4;6;6
466;5TWQFSzQyeM;VIDEOJUEGOS;30;2014-04-12 16:43:02;25;3;6;6;5;0;6;2253;45;85;45;81;5;5;5
635;_3u_14CXSDg;NA;40;2014-06-08 06:12:18;25;1;2;3;2;0;3;2430;31;54;13;30;4;4;4
670;EuBiaRO8QOk;MISC;30;2014-06-22 17:36:13;25;2;2;2;1;0;2;2466;30;50;24;36;2;2;7
765;-FKkx555Oaw;MISC;30;2014-08-12 14:50:41;25;1;1;1;0;0;1;2588;7;25;11;26;8;8;8
846;JXMyZ929lpY;DEPORTES;30;2014-09-30 13:02:30;25;1;1;1;0;0;1;2682;14;20;20;30;0;0;0
363;wYAr940zLVA;NA;100;2014-03-17 01:10:34;24;8;15;21;11;11;23;2096;56;83;46;74;4;7;7
457;X6tKZ-cg4RI;MISC;30;2014-04-10 02:21:44;24;5;6;6;3;2;6;2242;51;91;52;82;4;5;5
474;DWc8dUl7Xfo;NA;40;2014-04-15 15:02:40;24;4;7;12;8;8;17;2282;62;89;59;99;5;5;5
492;2b0WS8JCXzE;CINE;30;2014-04-23 19:16:57;24;2;5;5;4;0;5;2326;49;89;38;93;4;4;6
505;U-9ya-v1Zmw;MISC;30;2014-04-29 02:39:07;24;1;2;2;1;0;2;2350;49;75;39;69;3;5;5
552;t1GO-93Nt3c;MISC;30;2014-05-12 16:25:42;24;2;2;2;1;0;2;2375;35;49;16;26;4;4;8
560;nNnW-7tIlf8;MISC;30;2014-05-15 02:08:39;24;4;4;4;2;1;4;2383;34;44;19;29;3;3;7
662;DyctVyOk3qI;DEPORTES;30;2014-06-18 18:29:00;24;2;4;4;1;2;4;2455;34;49;22;30;3;3;8
721;iRmrQGHhdCM;MISC;30;2014-07-22 20:40:48;24;1;2;2;1;0;2;2537;13;25;28;40;2;2;9
755;Td9BdOKzFMA;NA;60;2014-08-06 16:20:48;24;1;2;4;1;2;4;2578;19;34;12;40;8;8;8
932;mVmBL8B-In0;MISC;30;2014-11-26 12:18:10;24;1;1;1;0;0;1;2715;8;11;2;6;0;0;1
170;4dnw9dWISvw;VIDEOJUEGOS;30;2014-01-10 16:56:40;23;5;8;12;7;3;12;1494;89;118;70;100;8;8;8
187;SdKI6WS7ghE;MISC;30;2014-01-14 19:09:59;23;5;7;7;4;2;7;1519;96;123;89;118;7;7;7
230;zv6fVuvcHis;CINE;30;2014-02-03 13:44:22;23;3;4;5;3;1;5;1563;27;63;13;26;6;6;6
260;QrxPuk0JefA;MISC;30;2014-02-13 01:19:48;23;2;3;3;2;0;3;1579;20;44;6;21;5;5;5
291;vIu85WQTPRc;CINE;30;2014-02-25 19:07:19;23;6;7;12;7;4;12;1982;121;128;399;405;5;5;5
371;xnZhxsbpuCg;DEPORTES;30;2014-03-19 13:07:44;23;2;7;9;5;4;10;2114;52;86;46;75;3;6;7
485;-bm6izzQ8_I;MISC;30;2014-04-17 16:21:04;23;2;3;3;2;0;3;2291;55;86;48;95;4;4;6
559;YkqO2oi9SIk;NA;50;2014-05-14 23:24:04;23;5;6;10;6;3;10;2383;35;44;20;29;4;4;8
771;XS6ysDFTbLU;MISC;30;2014-08-16 16:12:14;23;1;2;2;1;0;2;2593;5;13;7;16;8;8;8
811;udUnQ7OnoSI;NA;40;2014-09-10 13:55:44;23;3;3;3;0;1;3;2634;17;20;25;33;0;0;0
208;qaXWNSpZ4dU;CINE;30;2014-01-21 14:04:02;22;2;5;7;5;1;7;1541;59;125;26;111;6;6;6
248;ShTSo7LkU5g;DEPORTES;30;2014-02-07 14:52:01;22;2;2;5;2;2;5;1573;29;51;15;26;6;6;6
340;FZyWwzdBEuU;MISC;30;2014-03-11 21:10:25;22;6;9;9;5;3;9;2065;56;84;31;83;4;5;8
368;FsZrywjPIb0;MISC;30;2014-03-18 21:24:22;22;4;7;7;3;3;7;2108;54;90;43;74;3;6;7
411;Xe11Pp1g39I;MISC;30;2014-03-31 13:37:45;22;2;3;3;1;1;3;2176;62;99;35;79;5;5;7
568;fYfhFpCG0ok;MISC;30;2014-05-17 02:12:33;22;1;2;2;1;0;2;2384;25;45;10;28;3;3;7
595;imW392e6XR0;MISC;30;2014-05-23 04:43:14;22;1;4;4;1;2;4;2399;33;47;15;32;2;6;6
704;s08J3ywyZas;MISC;30;2014-07-09 00:12:56;22;2;2;2;0;1;2;2497;29;42;23;30;4;4;4
725;R9hWoNZdx-w;MISC;30;2014-07-23 21:16:22;22;1;4;4;2;0;4;2538;15;26;25;41;2;9;9
812;Nhy7L8OCaHI;MISC;30;2014-09-10 14:15:09;22;1;1;1;0;0;1;2634;17;20;25;32;0;0;0
841;DFQKAgq2V1g;IDEAS;30;2014-09-28 00:22:30;22;1;2;2;1;0;2;2680;13;16;19;29;0;0;0
869;jJkuCzgg7fo;MISC;30;2014-10-08 17:45:27;22;1;1;1;0;0;1;2691;9;22;8;27;0;0;0
927;TVBcEg6klJI;DEPORTES;30;2014-11-22 02:48:35;22;1;1;1;0;0;1;2714;7;11;2;7;0;0;0
953;c6eUidLqUAo;MISC;30;2014-12-11 12:46:11;22;1;1;1;0;0;1;2721;10;13;3;6;1;1;1
269;b89_PDSMf3I;NA;60;2014-02-18 02:25:26;21;3;23;32;19;15;38;1583;10;26;6;17;5;5;5
282;0NO0rArJRR4;MISC;30;2014-02-22 16:35:33;21;4;6;6;4;1;6;1840;87;93;259;264;5;5;5
354;NaGAkU_K_EY;MISC;30;2014-03-15 04:21:50;21;4;8;8;3;4;8;2089;55;82;39;70;4;7;7
367;QrqZl2QIz0c;NA;60;2014-03-18 20:52:00;21;6;12;16;7;8;16;2106;52;88;41;72;3;6;7
370;N1FNL_iIp5c;CINE;30;2014-03-19 01:55:47;21;6;10;10;3;6;10;2112;52;88;44;76;3;6;7
391;lwsC0zHCdz8;NA;50;2014-03-24 22:14:06;21;8;14;19;7;10;19;2142;61;89;45;85;5;6;6
471;cA-T-HLdv7g;CINE;30;2014-04-14 21:29:46;21;2;3;3;2;0;3;2278;59;86;56;97;5;5;5
506;G1pX97_0rxU;CINE;30;2014-04-29 15:13:32;21;2;3;3;2;0;3;2350;46;74;35;68;3;5;5
523;qYTif9F188E;IDEAS;50;2014-05-05 13:45:51;21;2;2;4;1;2;4;2359;27;66;10;53;5;5;5
621;xcxXsqN4efU;MISC;30;2014-06-03 16:42:14;21;4;5;5;4;0;5;2422;37;57;18;30;5;5;5
794;PZ4pctQMdg4;MISC;30;2014-09-03 18:17:41;21;1;1;1;0;0;1;2609;6;12;7;14;0;0;0
795;OAlZvICQXRM;NA;50;2014-09-03 18:46:55;21;1;2;5;3;1;5;2609;5;12;7;14;0;0;0
912;cdQGLLjaSyU;MISC;30;2014-11-07 01:04:51;21;2;2;2;0;1;2;2707;7;10;6;6;0;0;0
204;ydk0EnUbnjk;MISC;30;2014-01-21 01:10:39;20;3;4;4;1;2;4;1540;64;124;30;110;6;6;6
232;dW5u_y27LmQ;CINE;30;2014-02-03 15:52:34;20;5;6;7;5;1;7;1564;28;64;14;27;6;6;6
246;ox7spKu7EOc;DEPORTES;30;2014-02-07 00:46:24;20;5;5;8;6;1;8;1573;28;56;15;27;6;6;6
255;bu2ht9c-FFU;NA;50;2014-02-10 17:33:28;20;2;2;18;13;9;23;1577;24;48;12;27;6;6;6
280;CnIaDofCwbA;DEPORTES;30;2014-02-21 19:11:25;20;4;6;12;8;2;12;1772;72;80;192;198;5;5;5
311;NkuD0Inb9Gs;VIDEOJUEGOS;30;2014-03-04 17:40:08;20;3;3;9;8;3;12;2032;45;153;51;449;5;5;6
326;6TPjx1DMaEw;DEPORTES;30;2014-03-10 02:44:08;20;3;7;8;6;2;9;2052;48;86;30;125;4;5;8
395;5w0KAHhKECg;CINE;30;2014-03-25 20:07:12;20;4;4;6;2;2;6;2155;64;91;51;90;5;6;7
580;XfNiC9iKM0Q;CINE;30;2014-05-21 19:17:38;20;2;3;3;2;0;3;2393;31;47;10;31;3;7;7
627;lxbo_L3z-0I;M;30;2014-06-05 13:53:45;20;3;3;3;2;0;3;2427;30;56;17;30;4;4;4
694;PvkcqgpZJCw;NA;50;2014-07-04 15:48:53;20;4;8;13;8;4;15;2481;24;37;10;22;5;5;5
752;pKL4PJICS40;IDEAS;30;2014-08-06 03:41:23;20;1;1;1;0;0;1;2578;20;34;12;40;8;8;8
242;nvoWwY64S5w;CINE;30;2014-02-06 17:51:54;19;3;3;3;2;0;3;1573;30;60;15;30;6;6;6
283;bhCAkUMQ5GA;IDEAS;30;2014-02-22 22:24:54;19;3;3;9;7;3;11;1866;95;101;283;290;5;5;5
541;h1b0WtJI9Bo;IDEAS;30;2014-05-09 00:32:19;19;4;4;4;2;1;4;2367;27;53;13;27;4;4;4
641;-pPXuFNGEr8;VIDEOJUEGOS;30;2014-06-10 04:11:55;19;4;4;4;3;0;4;2432;32;52;13;28;4;4;4
762;HgQPyU3J0P0;NA;50;2014-08-11 04:30:27;19;1;3;5;0;4;5;2588;10;28;11;35;8;8;8
826;LH_1c8zR-Sk;NA;40;2014-09-19 15:36:47;19;1;1;2;1;0;2;2661;7;25;14;52;0;0;0
899;GccGbdLqTmQ;VIDEOJUEGOS;30;2014-11-01 20:12:09;19;1;1;1;0;0;1;2702;5;12;1;7;0;0;0
908;iVAgTiBrrDA;CINE;30;2014-11-06 19:29:30;19;1;1;2;0;1;2;2707;7;10;6;6;0;0;0
93;UFpe3Up9T_g;NA;20;2013-11-21 05:18:33;18;4;6;17;6;9;17;1055;118;229;94;205;8;8;8
116;mY-f68J5PPo;NA;20;2013-12-06 16:47:28;18;5;12;13;5;5;13;1278;159;220;131;205;6;6;6
172;zHbk92G655k;MISC;30;2014-01-10 21:20:32;18;5;8;8;4;3;8;1499;90;118;73;104;8;8;8
185;wzlcVKFVWVI;DEPORTES;30;2014-01-14 15:03:43;18;5;7;8;5;2;8;1515;97;123;85;114;7;7;7
215;YNEXzvnD7mI;IDEAS;30;2014-01-23 18:52:24;18;4;4;6;3;1;6;1543;41;108;8;82;6;6;6
336;tIIJME8-au8;DEPORTES;30;2014-03-11 13:54:13;18;3;8;9;6;2;9;2065;58;87;35;91;4;5;8
515;_3Hf8rFPjyg;CINE;30;2014-04-30 23:34:09;18;1;3;3;2;0;3;2354;46;76;27;65;5;5;5
520;zcUhcD88M7E;MISC;30;2014-05-02 20:30:16;18;2;2;2;1;0;2;2356;31;70;13;60;5;5;5
590;7-7knsP2n5w;M;30;2014-05-22 18:44:15;18;1;2;2;1;0;2;2398;32;47;14;31;2;6;6
591;qlTA3rnpgzU;IDEAS;30;2014-05-22 19:45:02;18;1;3;5;1;2;5;2398;32;47;14;31;2;6;6
714;B2dD6Z7Hvjk;MISC;30;2014-07-15 18:48:25;18;1;4;4;2;1;4;2509;17;39;12;35;3;3;3
804;qhGB5Pd3ko8;MISC;30;2014-09-07 19:39:47;18;1;3;3;1;1;3;2618;9;14;11;21;0;0;0
833;1omTUWERInU;MISC;30;2014-09-25 12:19:18;18;1;1;1;0;0;1;2667;6;12;8;29;0;0;0
860;qIVDxL2lgN4;MISC;30;2014-10-05 04:56:21;18;1;2;2;1;0;2;2688;15;25;6;27;0;0;0
926;_VrveujhWmg;CINE;30;2014-11-19 18:59:34;18;2;2;2;0;1;2;2714;5;9;5;8;0;0;0
249;Hc7oa-e3Blg;NA;60;2014-02-07 15:12:50;17;2;2;16;11;7;20;1574;29;51;16;27;6;6;6
250;tvw9Q_Xabe4;NA;50;2014-02-07 18:26:15;17;4;4;15;14;5;24;1574;26;49;12;26;6;6;6
277;kB3BpB3dpeA;NA;50;2014-02-20 16:07:20;17;10;18;24;19;7;29;1628;31;44;49;55;5;5;5
296;tqX7POfzqqg;MISC;30;2014-02-26 19:29:25;17;2;4;4;2;1;4;2001;121;136;411;423;5;5;5
331;gcJ-mqrI8Gs;NA;60;2014-03-10 18:57:03;17;2;8;15;8;7;16;2057;50;86;32;107;4;5;8
398;1f_bAXHckUY;IDEAS;30;2014-03-26 18:36:28;17;2;3;7;4;2;7;2158;61;92;42;87;5;6;7
517;P8Ihpgo1hzw;MISC;30;2014-05-01 00:27:40;17;1;3;3;2;0;3;2354;46;75;27;64;5;5;5
643;y1Rx-Bbht5E;NA;60;2014-06-10 04:36:44;17;4;6;9;6;2;9;2432;33;53;13;28;4;4;4
649;6iFdPcx0W2w;CINE;30;2014-06-11 20:10:27;17;1;3;3;2;0;3;2437;31;51;11;29;4;4;4
677;UpBwvPeI5VM;MISC;30;2014-06-26 02:00:41;17;1;2;2;0;1;2;2468;26;48;13;31;1;6;6
772;FII-QYS4XoE;MISC;0;2014-08-18 04:58:27;17;2;2;2;1;0;2;2594;5;12;6;17;8;8;8
782;S9z62iYNKJQ;DEPORTES;30;2014-08-25 14:26:26;17;1;1;1;0;0;1;2598;9;11;4;10;7;7;7
819;DXnSTl2j33w;IDEAS;30;2014-09-15 00:01:41;17;1;1;2;1;0;2;2652;14;24;30;44;0;0;0
868;XqLTe8h0-jo;M;30;2014-10-08 16:05:28;17;1;1;1;0;0;1;2691;9;22;8;27;0;0;0
261;QheoYw1BKJ4;CINE;30;2014-02-13 01:39:58;16;4;5;8;7;3;11;1579;20;43;6;21;5;5;5
301;RUuVhiXe33Q;NA;50;2014-03-01 22:27:40;16;3;6;18;10;7;18;2022;62;148;156;439;5;5;6
441;UFZxK8edZWA;MISC;30;2014-04-08 02:10:46;16;4;5;5;2;2;5;2222;46;91;40;76;4;6;6
448;NQBUChBG98Q;MISC;30;2014-04-09 00:29:06;16;4;4;4;3;0;4;2229;48;88;45;74;5;6;6
540;VOaTqw9fDZ8;DEPORTES;30;2014-05-08 18:43:01;16;2;3;3;1;0;3;2367;28;56;13;35;4;4;4
566;F1BiKNCNDBY;CINE;30;2014-05-16 18:33:44;16;3;3;3;2;0;3;2384;29;46;14;28;3;3;7
600;gpum4nK2wOM;MISC;30;2014-05-24 03:19:37;16;2;4;4;1;2;4;2399;34;42;15;25;2;6;6
645;I69x8Bvm9zM;NA;50;2014-06-10 19:03:35;16;3;5;7;4;3;8;2432;30;52;10;28;4;4;4
783;PHjvySrshVI;MISC;30;2014-08-25 16:53:26;16;1;1;1;0;0;1;2599;10;12;5;11;7;7;7
789;Nz8yLIOb2pU;VIDEOJUEGOS;30;2014-08-28 03:11:12;16;1;1;1;0;0;1;2602;9;13;7;13;7;7;7
880;B3WNMu2XrOk;NA;30;2014-10-20 19:12:48;16;1;1;1;1;0;2;2695;4;10;1;6;0;0;0
947;IXieGSAdj4s;MISC;30;2014-12-09 13:11:46;16;1;2;2;1;0;2;2720;10;11;3;6;1;1;1
223;IKo2PFybCRE;NA;50;2014-01-28 21:00:40;15;3;7;8;3;3;8;1554;42;73;13;34;6;6;6
245;8tLGz7073Vg;MISC;30;2014-02-06 19:56:21;15;3;3;3;2;0;3;1573;31;59;15;29;6;6;6
312;4Lki_IeM6bQ;MISC;30;2014-03-04 18:19:05;15;2;2;2;1;0;2;2032;45;153;51;449;5;5;6
321;AOi5OF7gAiM;MISC;30;2014-03-07 00:45:53;15;3;5;5;3;1;5;2047;44;134;33;354;4;5;5
365;H0Ib9SwC7EI;MISC;30;2014-03-17 17:53:30;15;6;8;8;5;2;8;2097;53;85;41;73;4;7;8
386;6acRHWnfZAE;CINE;30;2014-03-24 14:46:46;15;6;7;9;6;2;9;2141;60;88;44;86;5;6;6
425;DFo7ztlMlmg;NA;60;2014-04-03 16:01:32;15;5;9;9;7;3;11;2196;62;101;36;80;4;5;6
453;pL04INIzAWk;MISC;30;2014-04-09 20:49:18;15;4;4;4;3;0;4;2233;47;86;45;75;5;6;6
473;6M_l2OsdCkg;MISC;30;2014-04-15 14:01:59;15;4;6;6;4;1;6;2281;62;89;58;98;5;5;5
603;W086BtJqCL8;MISC;30;2014-05-26 21:47:04;15;2;2;2;1;0;2;2402;31;45;11;27;6;6;6
682;VF7__i0akGo;CINE;30;2014-06-29 21:50:15;15;1;3;3;2;0;3;2473;23;44;7;30;1;6;6
712;ygc5X3vRG5M;CINE;30;2014-07-15 15:37:24;15;1;3;3;2;1;4;2509;18;38;15;35;3;3;3
850;3ycK8LWEN-c;IDEAS;30;2014-09-30 21:41:43;15;1;1;1;0;0;1;2682;14;19;19;29;0;0;0
194;roag3p3g1r4;IDEAS;30;2014-01-16 00:22:44;14;4;6;7;2;4;7;1531;103;130;96;124;6;6;6
292;vIT5AdBl0eQ;CINE;30;2014-02-25 19:31:57;14;3;5;12;8;2;12;1982;122;129;399;405;5;5;5
345;2Rsc-2oMB0s;MISC;30;2014-03-12 22:50:38;14;5;7;7;6;0;7;2071;51;83;29;70;4;5;8
409;PkycgrscWVM;CINE;30;2014-03-31 03:03:38;14;3;3;5;3;1;5;2174;60;97;33;77;4;5;7
449;S_-6EoNhitg;MISC;60;2014-04-09 01:20:47;14;3;3;3;2;0;3;2230;49;88;46;75;5;6;6
522;veXTdgyHedU;MISC;30;2014-05-05 02:54:17;14;2;2;2;1;0;2;2359;27;67;10;56;5;5;5
639;QxNrlQCstpI;VIDEOJUEGOS;30;2014-06-09 18:55:05;14;3;3;3;2;0;3;2432;31;54;14;30;4;4;4
728;aDCx0PeVOTo;NA;60;2014-07-24 13:36:28;14;1;5;9;3;6;11;2541;16;26;27;43;1;8;8
757;QTOZwfQq7KU;MISC;30;2014-08-07 16:17:27;14;1;1;1;0;0;1;2580;16;33;12;38;8;8;8
228;uQB7QRyF4p4;MISC;30;2014-02-01 19:21:09;13;2;2;2;1;0;2;1563;30;63;14;26;6;6;6
274;pTZ2Tp9yXyM;CINE;30;2014-02-19 15:12:12;13;2;5;9;5;2;9;1589;17;28;12;21;5;5;5
281;rCm3FYp4hdI;CINE;30;2014-02-21 22:30:15;13;3;3;7;5;3;9;1788;75;81;208;212;5;5;5
348;ry1E1uzPSU0;MISC;30;2014-03-14 03:13:43;13;2;6;6;3;1;6;2078;48;75;31;63;4;6;7
418;P7hqvBW1aQw;NA;60;2014-04-01 20:57:47;13;6;10;12;8;3;12;2184;59;97;29;77;5;6;7
499;dk3oc1Hr62g;IDEAS;30;2014-04-28 16:12:11;13;2;2;2;1;0;2;2349;52;76;43;72;3;5;5
567;OpnoOmQwyP0;MISC;30;2014-05-16 20:24:52;13;2;2;2;1;0;2;2384;27;46;13;28;3;3;7
584;9Eabp3Jpy-I;DEPORTES;30;2014-05-22 13:33:44;13;1;2;2;1;0;2;2397;32;49;14;33;2;6;6
623;O7_KqI3gAck;M;30;2014-06-04 13:51:58;13;2;2;2;1;0;2;2423;35;57;16;31;5;5;5
644;3DBrG2YjqQA;VIDEOJUEGOS;60;2014-06-10 04:52:20;13;5;5;6;4;1;6;2432;33;53;13;28;4;4;4
692;VSSPvC86GJ4;MISC;30;2014-07-03 23:58:52;13;1;3;3;1;1;3;2479;25;40;9;22;5;5;5
749;4u5VQlBENB8;MISC;30;2014-08-04 03:24:27;13;1;1;1;0;0;1;2577;23;37;24;47;8;8;8
769;OEcVusYl3y0;MISC;30;2014-08-15 18:47:11;13;1;1;1;0;0;1;2591;5;13;8;16;8;8;8
844;jnk15Wf6xMU;MISC;30;2014-09-29 13:51:31;13;2;3;3;1;1;3;2682;15;19;21;30;0;0;0
854;VufDd-QL1c0;MISC;30;2014-10-02 12:35:23;13;1;1;1;0;0;1;2683;16;20;16;24;0;0;0
206;sjvgC1cKQGA;MISC;30;2014-01-21 02:36:02;12;3;4;4;2;1;4;1541;63;124;30;111;6;6;6
220;R1Owd5QPF6E;DEPORTES;30;2014-01-28 00:22:17;12;4;5;10;6;3;10;1551;45;80;13;41;6;6;6
229;ESl89ReTK2c;MISC;30;2014-02-03 03:06:11;12;2;2;2;1;0;2;1563;26;63;14;26;6;6;6
267;d2ZNaLQD60Y;MISC;30;2014-02-18 00:26:39;12;2;5;6;2;3;6;1583;10;26;6;17;5;5;5
328;6k0kkSHiiPE;CINE;30;2014-03-10 03:13:21;12;3;7;8;4;2;8;2052;48;87;29;125;4;5;8
353;NaGAkU_K_EY;MISC;30;2014-03-15 02:45:37;12;3;3;3;1;1;3;2089;54;81;39;70;4;7;7
358;X0pFZG7j5cE;MISC;30;2014-03-16 03:13:47;12;4;5;5;3;1;5;2093;58;83;43;71;4;7;7
412;uvI-Zv0gHlA;MISC;30;2014-03-31 20:04:11;12;3;3;3;2;0;3;2181;63;101;39;84;5;5;7
475;SlGsj47EBIU;IDEAS;30;2014-04-15 22:22:30;12;3;3;4;2;1;4;2287;63;89;62;103;5;5;5
578;7UWZlNmpKm8;NA;60;2014-05-20 16:55:28;12;2;8;8;4;3;8;2392;34;50;16;31;3;7;7
701;BHjJV2LwkzA;VIAJES;30;2014-07-08 15:04:52;12;1;2;2;1;0;2;2493;27;41;19;27;4;4;4
840;NbL3bKoStds;IDEAS;30;2014-09-27 23:44:03;12;1;2;2;1;0;2;2680;13;16;19;29;0;0;0
871;axNmLpXhu1E;CINE;30;2014-10-09 22:46:36;12;1;1;1;0;1;2;2693;9;22;9;22;0;0;0
268;58-atNakMWw;MISC;30;2014-02-18 00:59:57;11;3;5;5;3;1;5;1583;10;26;6;17;5;5;5
294;9Y5MPbZ_B7E;DEPORTES;30;2014-02-26 03:08:53;11;3;4;9;6;2;9;1990;126;133;407;413;5;5;5
305;ATWsznObaYk;MISC;30;2014-03-03 19:07:38;11;5;5;5;2;2;5;2025;45;150;75;442;5;5;6
378;JZvf229pDZs;VIDEOJUEGOS;30;2014-03-21 02:16:18;11;2;5;8;6;2;9;2123;60;82;46;76;2;5;6
419;eJTct8eHKYE;CINE;30;2014-04-01 23:21:30;11;2;4;4;2;1;4;2184;60;97;29;74;5;6;7
439;4UlbcMkaE5k;MISC;30;2014-04-07 13:32:00;11;3;4;4;2;1;4;2222;51;96;46;81;4;6;6
577;TuS1nc5WyZ0;MISC;30;2014-05-20 02:13:32;11;2;4;4;3;0;4;2392;34;51;17;31;3;7;7
582;CXycKeyDKXk;MISC;30;2014-05-21 22:48:41;11;3;4;4;3;0;4;2395;32;47;12;32;3;7;7
605;BlfQ6wYqHcI;NA;50;2014-05-27 00:12:31;11;4;7;8;3;3;8;2402;33;48;10;27;6;6;6
630;wwBO4PU9EXI;IDEAS;30;2014-06-05 23:39:19;11;2;3;5;3;2;6;2427;28;56;12;29;4;4;4
761;sIE1jzG_eHI;MISC;30;2014-08-10 15:27:07;11;1;1;1;0;0;1;2587;10;28;10;36;8;8;8
861;g3p2TZ5q9to;MISC;30;2014-10-06 12:39:13;11;1;1;1;0;0;1;2688;13;24;6;27;0;0;0
862;fWSuxTi7ktg;NA;50;2014-10-06 19:53:53;11;1;2;2;2;0;3;2689;11;24;7;28;0;0;0
867;4pVCToDTbT4;MISC;30;2014-10-08 15:43:34;11;1;2;2;1;0;2;2691;9;22;8;27;0;0;0
877;kbB61_urAlg;MISC;30;2014-10-19 17:02:09;11;1;1;1;0;0;1;2695;3;9;1;7;0;0;0
911;5rrM3zl4J_g;MISC;30;2014-11-06 23:20:29;11;1;1;1;0;0;1;2707;7;10;6;6;0;0;0
126;5fHe1QFAHwQ;IDEAS;10;2013-12-12 15:07:46;10;6;6;6;3;1;6;1343;131;235;94;212;5;5;5
202;RqziQX7eEv0;DEPORTES;30;2014-01-20 02:01:26;10;3;4;6;3;2;6;1537;62;124;30;111;6;6;6
240;TNcPdOY3klc;MISC;30;2014-02-06 00:50:11;10;2;2;2;1;0;2;1573;32;62;15;31;6;6;6
244;PCRqNsRflHM;MISC;30;2014-02-06 19:39:12;10;4;5;5;2;2;5;1573;31;59;15;29;6;6;6
324;imVNg9j7rvU;DEPORTES;30;2014-03-08 02:27:50;10;2;4;8;5;2;8;2050;43;106;31;249;4;5;8
338;9HvaFhUcm-4;MISC;30;2014-03-11 14:53:02;10;3;7;7;4;2;7;2065;58;87;35;87;4;5;8
343;w4lnVx2BAYk;IDEAS;30;2014-03-12 18:10:02;10;5;7;8;5;2;8;2071;52;85;30;73;4;5;8
394;odmFO7pJ-RQ;IDEAS;30;2014-03-25 18:26:20;10;3;3;5;3;1;5;2154;64;91;50;89;5;6;7
529;YhTaNHYWRZ4;M;30;2014-05-06 16:20:52;10;3;3;3;2;0;3;2361;26;60;11;46;5;5;5
654;gMaDhkNJA2g;DEPORTES;30;2014-06-13 03:22:26;10;2;4;4;2;1;4;2438;30;46;11;23;3;3;3
716;iZw_LySNNzM;MISC;30;2014-07-17 18:39:12;10;2;3;3;2;0;3;2514;15;33;15;38;2;2;9
770;iCmGj9VbYE4;DEPORTES;30;2014-08-15 19:02:47;10;1;3;4;2;1;4;2591;5;13;8;16;8;8;8
777;ovqM72em1dA;MISC;30;2014-08-19 21:00:15;10;1;1;1;0;0;1;2595;5;11;7;18;8;8;8
809;bKG2WAkgyyU;MISC;30;2014-09-09 13:55:05;10;1;1;1;0;0;1;2630;17;21;21;30;0;0;0
816;Q21bznzy_HY;VIDEOJUEGOS;30;2014-09-12 14:27:06;10;2;3;3;1;1;3;2646;20;22;37;41;0;0;0
836;yFfjUMinFPk;MISC;30;2014-09-26 03:08:18;10;2;2;2;0;1;2;2673;9;14;12;29;0;0;0
917;_AArltTNRaA;NA;30;2014-11-13 19:13:44;10;1;2;3;2;0;3;2709;4;9;2;8;0;0;0
212;jPtPC4zqjzQ;DEPORTES;30;2014-01-22 01:49:03;9;2;3;5;3;1;5;1542;52;123;17;111;6;6;6
237;rtu62Gklgso;CINE;40;2014-02-04 15:46:57;9;4;5;6;4;1;6;1567;33;64;16;26;6;6;6
241;3Js4YZ1z0to;MISC;30;2014-02-06 15:25:07;9;3;3;4;2;1;4;1573;28;58;15;30;6;6;6
257;I80JEAhB278;VIDEOJUEGOS;30;2014-02-11 15:42:14;9;2;2;3;4;3;8;1577;22;47;10;26;6;6;6
304;kqgrGho4aYM;NA;60;2014-03-03 18:19:52;9;4;4;10;5;4;10;2025;46;150;77;442;5;5;6
335;nViWpVc1x_4;MISC;30;2014-03-11 13:34:38;9;2;4;4;2;1;4;2065;58;87;35;91;4;5;8
351;GcccM2BAshE;MISC;30;2014-03-14 14:52:55;9;4;6;6;3;2;6;2079;47;74;30;61;4;7;7
570;V5teyjPeVco;MISC;30;2014-05-18 00:12:55;9;2;4;4;3;0;4;2385;25;46;11;28;3;3;7
574;vtr5q6dn7CA;M;30;2014-05-19 17:53:13;9;3;3;3;2;0;3;2391;31;51;16;32;3;7;7
678;tncJIHP39_E;M;30;2014-06-26 03:50:03;9;2;2;3;2;0;3;2468;27;48;13;31;1;6;6
711;BJj7Km7Raks;IDEAS;30;2014-07-15 15:21:49;9;1;2;2;1;0;2;2509;18;38;15;35;3;3;3
717;xWBGrkc360M;MISC;30;2014-07-21 13:31:19;9;3;3;3;2;0;3;2533;13;30;27;45;2;2;9
800;QJNkJJHZows;NA;50;2014-09-05 00:48:42;9;1;3;3;2;0;3;2609;3;11;5;13;0;0;0
845;m78gYyTrG7Y;MISC;30;2014-09-30 12:39:14;9;1;1;1;0;0;1;2682;14;20;20;30;0;0;0
879;z7yqtW4Isec;VIAJES;30;2014-10-20 18:07:40;9;1;2;2;0;1;2;2695;4;10;1;6;0;0;0
883;cqsonfSQk2I;MISC;30;2014-10-21 15:53:30;9;1;1;1;0;0;1;2695;4;9;1;6;0;0;0
887;Qe5iGKfl_ws;VIDEOJUEGOS;30;2014-10-22 17:32:39;9;2;2;2;1;0;2;2699;6;10;5;8;0;0;0
890;ndHDdzTllao;IDEAS;30;2014-10-23 20:44:02;9;1;1;1;0;0;1;2701;9;12;6;8;0;0;0
892;WwNsRs5dKyA;M;30;2014-10-27 19:14:25;9;1;1;1;0;0;1;2701;9;10;6;7;0;0;0
944;7fIkHeza6vQ;NA;100;2014-12-09 01:09:01;9;2;4;5;3;1;5;2720;8;9;3;6;1;1;1
945;8WBqX7MSqWw;VIAJES;30;2014-12-09 12:47:15;9;1;1;1;0;0;1;2720;10;11;3;6;1;1;1
952;zKx2B8WCQuw;MISC;30;2014-12-09 19:33:06;9;1;2;2;1;0;2;2720;11;12;3;6;1;1;1
958;btn2tPxjisA;CINE;30;2014-12-22 00:35:50;9;1;1;1;0;0;1;2723;4;11;0;4;0;0;0
199;icBXcvCZfGs;MISC;30;2014-01-17 17:39:13;8;3;5;5;1;3;5;1536;72;127;42;112;6;6;6
227;ns7RFZPTfpc;IDEAS;30;2014-01-30 23:51:44;8;3;4;5;6;2;9;1558;39;65;13;23;6;6;6
270;hbFPyMOHcHQ;CINE;30;2014-02-18 23:21:42;8;2;3;7;4;2;7;1583;10;24;6;15;5;5;5
287;M98Guh1o6cg;DEPORTES;30;2014-02-24 18:18:03;8;2;2;6;4;2;7;1948;114;120;365;371;5;5;5
295;BbMlzoOr5qQ;CINE;30;2014-02-26 15:05:44;8;2;2;9;4;4;9;1995;122;133;406;418;5;5;5
460;iZ6PVBvQf-g;IDEAS;30;2014-04-10 15:23:34;8;4;7;7;6;0;7;2243;49;93;48;83;4;5;5
519;sFu5qXMuaJU;VIDEOJUEGOS;30;2014-05-02 19:47:41;8;2;3;4;2;1;4;2356;31;70;13;61;5;5;5
553;34MMiqeuDpU;CINE;30;2014-05-13 13:48:22;8;2;2;2;1;0;2;2376;36;50;15;26;4;4;8
875;FWN08M0kg4c;DEPORTES;30;2014-10-16 01:02:20;8;1;1;1;0;0;1;2694;6;14;2;11;0;0;0
881;9Lb4F1dnD0g;NA;30;2014-10-21 02:33:08;8;2;3;3;4;0;5;2695;4;10;1;6;0;0;0
891;u1ZB_rGFyeU;M;30;2014-10-27 14:54:24;8;1;1;1;0;0;1;2701;9;10;6;7;0;0;0
904;DOSEekGuq0w;IDEAS;30;2014-11-04 15:29:03;8;1;1;1;0;0;1;2704;8;14;3;9;0;0;0
906;OXwichuGW28;CINE;30;2014-11-04 20:09:36;8;1;2;2;1;0;2;2704;8;14;3;9;0;0;0
923;tkTdsCfHCrA;MISC;30;2014-11-19 02:43:15;8;2;2;2;0;1;2;2713;4;8;4;8;0;0;0
951;nltqM_Q-cwg;MISC;30;2014-12-09 19:09:09;8;1;1;2;0;1;2;2720;10;11;3;6;1;1;1
213;9WCWpWQXveQ;DEPORTES;30;2014-01-22 02:09:55;7;2;4;6;3;2;6;1542;51;123;15;111;6;6;6
258;YbNmL6hSNKw;IDEAS;30;2014-02-12 00:25:57;7;2;2;3;4;3;8;1577;19;45;9;23;6;6;6
264;R35k8WNpCio;MISC;30;2014-02-13 03:04:00;7;2;2;5;1;1;5;1579;21;42;6;21;5;5;5
284;VXtqvBOlibY;MISC;30;2014-02-22 22:48:59;7;2;2;2;1;0;2;1867;95;101;284;291;5;5;5
320;RIFqHn_Ul0M;CINE;30;2014-03-07 00:30:47;7;2;5;8;5;2;8;2047;44;134;33;355;4;5;5
323;MFaOogd6YyA;MISC;30;2014-03-07 02:05:13;7;3;3;3;2;0;3;2047;43;132;32;349;4;5;5
334;FN0cHYm3YtU;MISC;30;2014-03-11 01:06:33;7;2;4;4;2;1;4;2060;54;86;34;96;4;5;8
339;5pgg5237NXk;DEPORTES;30;2014-03-11 18:31:24;7;3;7;8;5;2;8;2065;57;87;33;83;4;5;8
344;lZ4sKdV1P0A;IDEAS;30;2014-03-12 21:56:39;7;3;5;9;6;2;9;2071;51;83;29;70;4;5;8
390;RTkiEPrg_jo;MISC;30;2014-03-24 21:32:05;7;3;3;3;1;1;3;2142;61;89;45;85;5;6;6
462;8poprXndVfY;NA;40;2014-04-10 18:13:27;7;3;8;12;9;3;13;2245;50;94;49;83;4;5;5
530;C74gOoFz5hM;MISC;30;2014-05-06 17:01:20;7;2;2;3;1;1;3;2361;26;60;11;46;5;5;5
548;uPE2oBnzROY;MISC;30;2014-05-12 01:57:40;7;2;2;2;1;0;2;2375;35;49;16;26;4;4;4
555;oG08ukJPtR8;M;30;2014-05-14 14:56:10;7;4;4;4;1;2;4;2383;36;46;22;30;4;4;8
589;8qYyEM224z8;CINE;30;2014-05-22 16:07:40;7;1;2;2;1;0;2;2397;33;49;13;31;2;6;6
768;u2YhDQtncK8;DEPORTES;30;2014-08-15 16:46:19;7;1;1;1;0;0;1;2590;5;13;7;15;8;8;8
956;uVtN8Xeqj0M;CINE;30;2014-12-11 16:08:55;7;1;3;4;1;2;4;2721;10;13;3;5;1;1;1
217;qdQ-2mnODCo;MISC;30;2014-01-24 01:58:57;6;4;4;4;2;1;4;1547;44;101;12;65;6;6;6
222;LDJ4hmw9i6I;MISC;30;2014-01-28 01:00:32;6;2;3;3;1;1;3;1551;45;80;11;41;6;6;6
231;7SlILk2WMTI;CINE;30;2014-02-03 13:54:34;6;5;6;7;4;2;7;1563;27;63;13;26;6;6;6
256;DXAva_gO8Qk;MISC;30;2014-02-10 17:50:24;6;2;2;3;1;1;3;1577;24;48;12;27;6;6;6
263;uKJaZDGVNWA;DEPORTES;30;2014-02-13 02:49:59;6;2;2;5;3;2;6;1579;21;42;6;21;5;5;5
266;keFBEoBy0zY;DEPORTES;30;2014-02-15 01:28:08;6;2;6;8;4;2;8;1580;11;33;4;17;5;5;5
276;RvLmcRZte78;MISC;30;2014-02-20 14:57:46;6;6;7;7;4;2;7;1615;27;40;36;42;5;5;5
303;6M-YX-r0Ll4;MISC;30;2014-03-03 15:54:27;6;2;2;2;1;0;2;2024;46;149;81;441;5;5;6
313;i7W3ICpONVs;MISC;30;2014-03-04 18:46:50;6;3;4;4;2;1;4;2032;44;153;50;449;5;5;6
424;bN7ksFEVO9U;CINE;30;2014-04-03 15:15:32;6;2;5;5;3;1;5;2195;62;101;35;79;4;5;6
433;1P-oy6AFR6U;CINE;30;2014-04-04 21:04:43;6;2;5;6;3;2;6;2208;62;102;43;80;4;6;6
456;QDvt5q6bt1s;MISC;30;2014-04-10 01:55:01;6;4;5;5;4;0;5;2239;49;89;49;79;4;5;5
561;_wppM8ycod0;CINE;30;2014-05-15 16:15:13;6;2;2;3;1;1;3;2384;33;44;18;30;3;3;7
720;KbOQQNwj1-I;VIDEOJUEGOS;30;2014-07-22 20:30:53;6;2;3;3;2;1;4;2537;13;25;28;40;2;2;9
727;7HEPRZuRWvc;DEPORTES;30;2014-07-24 12:38:14;6;1;4;4;2;0;4;2540;16;26;26;42;1;8;8
938;LOyVvpXRX6w;MISC;30;2014-12-03 18:20:12;6;2;2;2;1;0;2;2717;4;9;2;3;0;1;1
948;aDEaAOcDKnA;DEPORTES;30;2014-12-09 13:31:50;6;1;1;1;0;0;1;2720;10;11;3;6;1;1;1
247;NWd8La170L4;DEPORTES;30;2014-02-07 14:28:51;5;4;4;5;2;2;5;1573;29;51;15;26;6;6;6
362;Wz-ELUw6xtY;MISC;30;2014-03-17 00:24:08;5;7;8;8;4;3;8;2096;56;83;46;74;4;7;7
372;DlM2CWNTQ84;CINE;30;2014-03-19 14:05:53;5;2;6;7;3;3;7;2115;53;87;45;76;3;6;7
468;qtYWqE55s24;VIDEOJUEGOS;30;2014-04-12 19:47:32;5;4;7;7;8;0;9;2254;46;84;45;82;5;5;5
507;bLBSoC_2IY8;MISC;30;2014-04-29 19:10:36;5;1;2;2;1;0;2;2350;47;74;35;63;3;5;5
527;0d1zpt6k5OI;MISC;30;2014-05-06 01:27:47;5;3;3;3;2;0;3;2361;24;64;11;51;5;5;5
599;o_24LPjOIHI;VIAJES;30;2014-05-24 02:55:18;5;1;2;2;1;0;2;2399;34;42;15;25;2;6;6
733;BBiRLYu8Wjo;IDEAS;30;2014-07-25 14:10:22;5;3;4;4;2;0;4;2546;18;28;30;46;1;8;8
791;Oya9LWABkf4;DEPORTES;30;2014-08-29 01:53:52;5;1;1;1;1;0;2;2604;9;14;8;15;7;7;7
843;6C8OJsHfmpI;MISC;30;2014-09-29 13:13:26;5;1;1;1;0;0;1;2682;14;18;21;30;0;0;0
898;n6S1JoCSVNU;NA;50;2014-10-30 18:20:53;5;1;1;1;1;0;2;2701;5;13;0;6;0;0;0
934;B3_9b3BcCIQ;DEPORTES;30;2014-11-26 17:57:09;5;1;1;1;0;0;1;2715;7;11;1;6;0;0;1
942;s0UWllveVrY;MISC;30;2014-12-05 13:42:00;5;1;1;1;0;0;1;2719;8;10;3;5;0;1;1
950;qX2mpTMGjdY;MISC;30;2014-12-09 18:22:57;5;1;1;1;0;0;1;2720;10;11;3;6;1;1;1
44;zAIPL5O9Uwk;NA;30;2013-10-25 00:14:21;4;6;8;8;3;4;8;623;163;310;137;373;9;9;10
239;6va3nTS2rHc;MISC;30;2014-02-05 20:22:35;4;3;3;3;2;0;3;1571;31;61;14;29;6;6;6
278;-YCeIgt7hMs;MISC;30;2014-02-20 20:09:14;4;4;5;5;1;1;5;1660;40;50;81;87;5;5;5
330;3_wJ5vG_wrw;MISC;30;2014-03-10 04:05:00;4;2;4;4;2;1;4;2052;48;87;29;123;4;5;8
393;nz7sxt9xeJE;MISC;30;2014-03-25 12:40:47;4;3;3;3;1;0;3;2152;63;90;48;87;5;6;6
417;wgSLxl1oAwA;MISC;30;2014-04-01 15:26:51;4;3;5;5;2;2;5;2183;58;97;30;79;5;6;7
504;Afc7KH2ouJ4;MISC;30;2014-04-29 01:27:54;4;1;2;2;1;0;2;2350;51;75;40;69;3;5;5
521;BayJQeTbULY;MISC;30;2014-05-04 20:55:39;4;2;2;2;1;0;2;2357;25;67;9;55;5;5;5
534;lX4aXsiSjSE;MISC;30;2014-05-06 23:31:55;4;3;5;5;1;3;5;2361;22;61;9;45;5;5;5
653;lu4ukHmXKFU;IDEAS;30;2014-06-13 02:54:00;4;2;2;2;1;0;2;2438;30;46;11;23;3;3;3
949;D2QOtnLdnLQ;MISC;30;2014-12-09 18:07:08;4;2;2;2;1;0;2;2720;10;11;3;6;1;1;1
290;wgeTrRQWDNw;MISC;30;2014-02-25 18:30:59;3;2;2;2;1;0;2;1982;121;128;399;405;5;5;5
306;ybcvlxivscw;MISC;30;2014-03-04 02:08:09;3;3;3;3;1;1;3;2026;43;151;58;443;5;5;6
329;xIASaUUwklk;MISC;30;2014-03-10 03:49:18;3;3;5;5;3;1;5;2052;48;87;29;124;4;5;8
510;1fS26AiyREI;M;30;2014-04-30 03:21:34;3;2;2;2;1;0;2;2353;47;77;30;66;3;5;5
609;CqSDWoAhvLU;IDEAS;30;2014-05-28 04:50:12;3;3;3;3;1;1;3;2407;37;51;15;26;6;6;6
642;65Om9DUSukY;VIDEOJUEGOS;30;2014-06-10 04:24:39;3;2;2;2;1;0;2;2432;32;52;13;28;4;4;4
681;Yo4F8cTPpnc;VIAJES;30;2014-06-27 03:18:57;3;1;3;3;1;0;3;2471;23;45;13;33;1;6;6
729;3N1Q8oFpX1Y;IDEAS;30;2014-07-24 14:38:00;3;1;4;4;2;1;5;2541;16;26;27;43;1;8;8
753;agUF_53fmyw;MISC;30;2014-08-06 13:34:37;3;1;1;1;0;0;1;2578;19;34;12;40;8;8;8
767;TLzhlsEFcVQ;VIDEOJUEGOS;30;2014-08-14 21:26:36;3;1;2;2;1;0;2;2589;6;16;8;20;8;8;8
775;vFROAAtdFWE;VIAJES;30;2014-08-19 16:56:34;3;1;1;1;0;0;1;2595;5;11;7;18;8;8;8
878;WR4QKAib3sM;M;30;2014-10-20 13:18:26;3;1;1;1;0;0;1;2695;3;9;1;7;0;0;0
886;kjgJQ3con6U;MISC;30;2014-10-22 12:52:25;3;1;1;1;0;0;1;2697;6;11;3;6;0;0;0
940;BjYWwZYLYEs;M;30;2014-12-03 20:55:22;3;1;2;2;1;0;2;2718;5;10;3;4;0;1;1
955;EWEl8-PHhMI;MISC;30;2014-12-11 15:39:55;3;1;2;2;0;1;2;2721;10;13;3;5;1;1;1
400;CAXrgl_oF-8;MISC;30;2014-03-27 12:40:15;2;2;2;2;1;0;2;2160;62;94;44;85;4;5;6
406;yUmSVcttXnI;CINE;30;2014-03-29 17:05:55;2;2;2;4;2;1;4;2172;59;100;39;82;4;5;7
575;89yh3vYs-zo;CINE;30;2014-05-19 18:09:15;2;2;2;2;1;0;2;2391;32;51;16;32;3;7;7
766;uDJEyAVZM80;MISC;30;2014-08-14 13:51:48;2;1;1;1;0;0;1;2589;5;20;9;21;8;8;8
909;s0MDY9fl-IA;NA;30;2014-11-06 19:41:41;2;1;1;2;2;0;3;2707;7;10;6;6;0;0;0
915;KkOCeAtKHIc;IDEAS;30;2014-11-07 15:53:37;2;1;1;1;0;0;1;2707;7;10;5;6;0;0;0
957;2uSAHqxs5n4;M;30;2014-12-22 00:28:50;2;1;1;1;0;0;1;2723;4;11;0;4;0;0;0
959;1zw4fPT8lZ0;DEPORTES;30;2014-12-22 00:43:34;2;1;1;1;0;0;1;2723;4;11;0;4;0;0;0
171;zHbk92G655k;MISC;30;2014-01-10 20:52:18;1;2;2;2;1;0;2;1499;90;118;73;104;8;8;8
243;ZkcAGvXrRw8;MISC;30;2014-02-06 18:53:25;1;2;2;2;1;0;2;1573;30;59;15;30;6;6;6
271;0CMKF9Me4Ao;MISC;30;2014-02-19 00:03:32;1;3;3;3;1;1;3;1583;10;24;6;15;5;5;5
307;ydwGnDs4lWs;MISC;30;2014-03-04 02:29:12;1;2;2;2;1;0;2;2026;43;151;58;443;5;5;6
382;VEQXeLjY9ak;MISC;30;2014-03-22 13:54:20;1;3;3;3;2;0;3;2131;58;86;41;81;5;5;6
399;fOvITFK98gg;CINE;30;2014-03-27 03:33:15;1;2;2;4;2;1;4;2160;62;94;44;87;4;5;6
451;k7-3xEpyAgo;DEPORTES;30;2014-04-09 14:40:18;1;3;3;3;2;0;3;2232;49;86;46;75;5;6;6
828;5xLBtyHOMsw;MISC;30;2014-09-22 23:28:27;1;1;1;1;0;0;1;2661;5;16;9;34;0;0;0
924;UWTynsei5sg;CINE;30;2014-11-19 03:04:54;1;1;2;2;0;1;2;2713;4;8;4;8;0;0;0
960;mlYklteg2vQ;DEPORTES;30;2014-12-22 00:56:03;1;1;1;1;0;0;1;2723;4;11;0;4;0;0;0
