1 Week Active Raffles,1 Week Active Users At Release,1 Week New Users At Release,2 Week Active Raffles,2 Week Active Users At Release,2 Week New Users At Release,Total Views Ranges,Diferencia lanzamiento,PPV promedio,Outliers Views,Duracion Grupos,Number of Records,Active Raffles At Release,Category,duracion,Female Shares,Id,Male Shares,points_given,Points Per View,Release Date,release_date_youtube,release_difference,Shares First Day,Shares First Month,Shares First Week,Total Shares,Total Users At Release,Total Views,Url
0,59,59,0,71,87,50 - 99,[09] 3 semanas,151.549295775,Valid,[14] 7:01 a 7:30,1,0,DEPORTES,434,5,3,8,10760,66,05/07/2013 00:00:00,2013-06-19 16:15:48,1323852,1,30,26,31,87,71,Sv3xVOs7_No
0,81,66,0,110,133,150 - 199,[11] 5 semanas,159.012345679,Valid,[03] 1:31 a 2:00,1,0,VIDEOJUEGOS,99,7,6,15,25760,132,11/07/2013 00:00:00,2013-06-11 14:38:11,2539309,7,82,76,83,133,162,aX2KNyaoNV4
0,58,49,0,104,108,0 - 49,[14] 8 semanas,60,Valid,[04] 2:01 a 2:30,1,0,CINE,147,5,7,8,2340,66,12/07/2013 00:00:00,2013-05-16 19:02:06,4856274,3,22,14,25,136,39,4ekm20rSGs8
11,4,10,12,4,11,400 - 449,[14] 8 semanas,79.131455399,Valid,[02] 1:01 a 1:30,1,0,MISC,65,100,10,26,33710,70,09/10/2013 13:08:28,2013-08-16 01:31:39,4707409,1,95,32,151,220,426,KPC6UiwP6Hw
11,4,10,12,4,11,1000 - 1049,[10] 4 semanas,76.078817734,Valid,[01] 31 a 60s,1,0,MISC,32,126,11,42,77220,70,09/10/2013 13:09:26,2013-09-10 18:22:32,2486814,1,105,55,202,220,1015,2inR8eueoGU
11,4,10,12,4,11,150 - 199,[09] 3 semanas,42.626506024,Valid,[03] 1:31 a 2:00,1,0,MISC,104,52,12,22,7076,44,09/10/2013 13:09:51,2013-09-20 07:40:36,1661355,1,49,23,87,220,166,BsHFiI0h-9E
11,4,10,12,4,11,1200 - 1249,[08] 2 semanas,43.488372093,Valid,[09] 4:31 a 5:00,1,0,MISC,275,80,16,85,52360,44,09/10/2013 13:11:27,2013-10-01 04:00:00,724287,1,81,29,187,220,1204,3wbvpOIIBQA
11,4,10,12,4,11,2200 - 2249,[06] 6 días,40.053404539,Valid,[02] 1:01 a 1:30,1,0,NA,89,69,17,61,90000,30,09/10/2013 13:11:57,2013-10-02 18:15:06,586611,2,101,42,155,220,2247,ZRd3lrukxu8
11,4,10,12,4,11,500 - 549,[13] 7 semanas,105.567669173,Valid,[01] 31 a 60s,1,0,M,31,61,18,67,56162,100,09/10/2013 13:15:30,2013-08-26 03:00:43,3838487,1,80,26,150,220,532,peMSWg94ZwY
11,4,10,12,4,11,0 - 49,[13] 7 semanas,100,Valid,[01] 31 a 60s,1,0,NA,31,8,20,9,4800,132,09/10/2013 13:16:19,2013-08-25 20:09:14,3863225,2,21,20,21,220,48,ShYiqTg9K8E
10,135,170,11,136,176,1000 - 1049,[09] 3 semanas,97.710654936,Valid,[01] 31 a 60s,1,10,MISC,31,145,28,40,99958,70,15/10/2013 13:19:09,2013-09-26 18:28:20,1623049,27,173,74,230,386,1023,Ug7gZppPhww
11,190,206,11,241,302,1000 - 1049,[10] 4 semanas,35.848249027,Valid,[04] 2:01 a 2:30,1,10,MISC,124,59,32,52,36852,30,20/10/2013 16:02:51,2013-09-25 21:27:35,2140516,18,79,49,126,517,1028,CjB_oVeq8Lo
11,167,152,12,314,396,700 - 749,[06] 6 días,47.486486486,Valid,[02] 1:01 a 1:30,1,11,MISC,61,40,37,42,35140,40,24/10/2013 16:13:17,2013-10-17 16:55:02,602295,11,42,29,90,619,740,UelJZG_bF98
11,165,137,12,311,376,9350 - 9399,[10] 4 semanas,8.101629914,Valid,[07] 3:31 a 4:00,1,11,MISC,229,23,39,15,76050,5,24/10/2013 22:59:33,2013-10-01 13:00:01,2023172,10,33,21,42,623,9387,i25Mm9bbsWE
11,164,137,12,311,376,2400 - 2449,[02] 2 días,19.145867769,Valid,[04] 2:01 a 2:30,1,11,DEPORTES,124,49,40,48,46333,15,24/10/2013 23:05:56,2013-10-22 17:00:04,194752,12,56,35,107,623,2420,x76VEPXYaI0
11,164,137,12,311,376,750 - 799,[08] 2 semanas,27.382762991,Valid,[04] 2:01 a 2:30,1,11,MISC,121,25,41,15,21605,10,24/10/2013 23:17:03,2013-10-11 17:32:44,1143859,11,36,25,43,623,789,dhuUhaNIWLQ
11,164,137,12,310,374,450 - 499,[14] 8 semanas,34.703296703,Valid,[04] 2:01 a 2:30,1,11,DEPORTES,145,12,42,19,15790,10,24/10/2013 23:41:38,2013-09-04 16:22:10,4346368,7,27,20,34,623,455,j-mEnMMmSrQ
11,163,137,12,310,373,150 - 199,[16] 10 semanas,25.494505495,Valid,[05] 2:31 a 3:00,1,11,MISC,160,20,43,12,4640,20,24/10/2013 23:59:55,2013-08-19 23:07:57,5705518,5,29,17,35,623,182,eYthI8sVTME
9,163,149,10,302,360,50 - 99,[01] 1 día,31.058823529,Valid,[07] 3:31 a 4:00,1,9,MISC,218,17,46,6,2640,30,26/10/2013 13:39:29,2013-10-24 21:13:15,145574,4,15,7,26,659,85,ngUOX2J7AZA
9,170,159,10,311,370,400 - 449,[08] 2 semanas,34.644144144,Valid,[09] 4:31 a 5:00,1,9,DEPORTES,300,24,47,32,15382,20,26/10/2013 19:19:29,2013-10-16 20:18:16,860473,7,43,24,64,671,444,NxYvJAQyH3s
9,176,171,10,311,377,100 - 149,[08] 2 semanas,30,Valid,[05] 2:31 a 3:00,1,9,DEPORTES,176,17,48,12,4200,30,27/10/2013 14:38:49,2013-10-16 00:27:27,1001482,6,19,10,33,688,140,Kayqs74owFI
9,179,174,10,313,380,0 - 49,[19] 13 semanas,32.790697674,Valid,[08] 4:01 a 4:30,1,9,VIAJES,241,14,49,11,1410,30,27/10/2013 15:26:06,2013-07-29 23:57:05,7745341,9,18,12,27,691,43,-pdZhbsyOSw
10,170,167,10,300,344,300 - 349,[01] 1 día,29.279538905,Valid,[15] 7:31 a 8:00,1,9,M,479,10,51,12,10160,20,29/10/2013 03:18:28,2013-10-27 07:03:55,159273,6,19,13,24,728,347,GxhWyaD_SUQ
10,168,169,10,277,311,1250 - 1299,[02] 2 días,15.023809524,Valid,[01] 31 a 60s,1,9,MISC,37,10,55,9,18930,10,30/10/2013 15:48:42,2013-10-27 16:56:39,255123,6,18,7,23,760,1260,BGerX3CTqFw
10,166,166,10,278,312,100 - 149,[08] 2 semanas,20,Valid,[04] 2:01 a 2:30,1,9,MISC,133,14,56,7,2420,20,30/10/2013 18:09:16,2013-10-18 15:43:20,1045556,5,23,10,28,761,121,nIsCs9_-LP8
9,144,129,9,250,276,200 - 249,[08] 2 semanas,19.567099567,Valid,[10] 5:01 a 5:30,1,8,MISC,303,16,59,8,4520,20,02/11/2013 07:59:06,2013-10-23 16:41:26,832660,3,22,13,27,786,231,9d8wWcJLnFI
9,144,129,9,250,276,0 - 49,[17] 11 semanas,20,Valid,[01] 31 a 60s,1,8,MISC,56,7,61,6,820,20,02/11/2013 08:14:23,2013-08-20 02:19:00,6414923,1,11,7,15,786,41,E5FSWkjFPxs
9,118,90,9,242,254,750 - 799,[02] 2 días,11.606217617,Valid,[03] 1:31 a 2:00,1,8,MISC,99,7,64,10,8960,20,04/11/2013 03:44:59,2013-11-01 16:17:56,214023,3,15,7,19,799,772,LL2GQrvbb1k
9,120,85,9,241,256,450 - 499,[02] 2 días,31.701680672,Valid,[03] 1:31 a 2:00,1,8,VIDEOJUEGOS,105,23,65,28,15090,20,04/11/2013 20:20:39,2013-11-02 16:54:57,185142,8,36,15,56,806,476,MNxh7umVOZ0
9,123,84,9,238,253,50 - 99,[04] 4 días,28.421052632,Valid,[06] 3:01 a 3:30,1,9,CINE,181,12,66,15,2700,30,05/11/2013 15:21:31,2013-10-31 17:00:29,426062,7,25,14,30,817,95,fZ_JOBCLF-I
9,122,82,9,235,246,350 - 399,[08] 2 semanas,129.9375,Valid,[12] 6:01 a 6:30,1,9,VIDEOJUEGOS,376,52,67,59,49896,132,05/11/2013 18:33:29,2013-10-23 13:01:39,1143110,12,98,37,121,817,384,qnInWnRCTKk
9,110,69,9,230,239,50 - 99,[20] 14 semanas,19.420289855,Valid,[07] 3:31 a 4:00,1,9,MISC,218,8,69,7,1340,20,06/11/2013 15:26:36,2013-07-30 20:51:05,8534131,4,14,8,17,829,69,fb4dpcIYTrc
9,110,69,9,230,238,200 - 249,[01] 1 día,19.707317073,Valid,[01] 31 a 60s,1,9,MISC,51,7,70,9,4040,20,06/11/2013 15:49:21,2013-11-05 00:14:04,142517,6,16,10,18,829,205,UFd6WsObOu4
9,113,79,9,227,231,850 - 899,[01] 1 día,22.826333712,Valid,[05] 2:31 a 3:00,1,9,CINE,170,16,71,22,20110,20,07/11/2013 17:52:03,2013-11-06 13:08:19,103424,14,36,27,42,851,881,voI6JXdqJFM
9,125,89,9,235,238,150 - 199,[01] 1 día,29.050632911,Valid,[05] 2:31 a 3:00,1,9,MISC,153,12,72,8,4590,20,08/11/2013 15:12:34,2013-11-07 12:53:42,94732,5,21,10,22,867,158,sSUNllgMCqY
9,129,88,9,225,204,50 - 99,[02] 2 días,29.464285714,Valid,[04] 2:01 a 2:30,1,9,CINE,131,9,74,16,1650,30,09/11/2013 19:12:42,2013-11-07 15:22:55,186587,2,24,7,29,875,56,0DvaP9egBtU
9,132,90,9,210,182,100 - 149,[05] 5 días,19.84,Valid,[03] 1:31 a 2:00,1,9,MISC,92,10,75,8,2480,20,10/11/2013 18:40:29,2013-11-05 17:31:16,436153,9,21,11,22,880,125,8lDtmbpYdxY
9,137,93,9,213,182,300 - 349,[08] 2 semanas,70.440251572,Valid,[02] 1:01 a 1:30,1,9,CINE,67,52,77,35,22400,40,11/11/2013 15:10:30,2013-10-28 01:58:16,1257134,15,95,42,102,894,318,zoKj7TdJk98
9,134,95,9,212,178,200 - 249,[12] 6 semanas,19.316239316,Valid,[05] 2:31 a 3:00,1,9,MISC,170,13,80,12,4520,20,12/11/2013 01:48:30,2013-10-04 01:02:22,3372368,6,30,16,30,905,234,76xTdNvYZ0g
9,151,111,9,217,182,2200 - 2249,[04] 4 días,11.213070725,Valid,[04] 2:01 a 2:30,1,9,MISC,126,18,81,10,25050,10,13/11/2013 21:11:52,2013-11-08 21:19:40,431532,10,32,18,32,946,2234,ojo9M1cPSPI
9,149,109,9,215,188,700 - 749,[03] 3 días,19.220430108,Valid,[07] 3:31 a 4:00,1,9,MISC,234,22,82,7,14300,20,14/11/2013 03:14:50,2013-11-10 16:00:01,299689,14,32,18,32,955,744,ARM42-eorzE
8,167,138,8,253,225,0 - 49,[04] 4 días,14.0625,Valid,[01] 31 a 60s,1,8,DEPORTES,60,7,84,12,450,15,17/11/2013 00:49:28,2013-11-12 14:00:04,384564,3,19,5,21,1015,32,NTqFmdJxWmI
8,167,138,8,253,225,200 - 249,[08] 2 semanas,30,Valid,[07] 3:31 a 4:00,1,8,DEPORTES,239,19,85,29,6180,30,17/11/2013 01:09:55,2013-11-06 14:00:05,904190,5,44,11,59,1015,206,ZXB9WJZUjmA
8,163,137,8,253,228,500 - 549,[03] 3 días,19.963167587,Valid,[02] 1:01 a 1:30,1,8,MISC,77,14,86,16,10840,20,17/11/2013 21:56:07,2013-11-14 07:00:03,312964,16,31,20,35,1021,543,M7FIvfx5J10
8,164,146,8,258,238,450 - 499,[04] 4 días,14.787878788,Valid,[01] 31 a 60s,1,8,DEPORTES,35,10,87,13,7320,15,18/11/2013 14:58:27,2013-11-14 13:52:20,349567,9,26,13,26,1039,495,EYEHUOpwNvE
8,157,136,8,250,231,150 - 199,[09] 3 semanas,38.043478261,Valid,[01] 31 a 60s,1,8,NA,56,44,88,17,7000,40,19/11/2013 01:07:58,2013-11-01 15:48:19,1502379,6,55,13,68,1041,184,F_ilNh7gkuo
8,138,114,8,236,218,50 - 99,[05] 5 días,19.375,Valid,[03] 1:31 a 2:00,1,8,MISC,106,8,89,6,1240,20,20/11/2013 14:41:26,2013-11-14 15:58:09,513797,5,16,8,16,1046,64,w9Sx34swEG0
8,137,110,8,236,218,300 - 349,[10] 4 semanas,38.994082840,Valid,[02] 1:01 a 1:30,1,8,MISC,84,28,90,24,13180,20,20/11/2013 15:37:20,2013-10-28 07:47:33,2015387,7,55,24,62,1047,338,T7XzyZB6WEM
8,129,108,8,236,217,50 - 99,[07] 1 semana,20,Valid,[04] 2:01 a 2:30,1,8,DEPORTES,143,7,91,7,1140,20,20/11/2013 20:37:33,2013-11-13 06:38:17,655156,5,16,7,16,1051,57,PJ_fFrdSKlg
8,98,75,8,220,196,200 - 249,[01] 1 día,30,Valid,[05] 2:31 a 3:00,1,8,CINE,152,11,95,16,6030,30,22/11/2013 00:48:55,2013-11-20 17:07:06,114109,7,30,14,30,1061,201,ThdX4ySLfmc
8,94,76,8,218,204,350 - 399,[01] 1 día,135.516372796,Valid,[02] 1:01 a 1:30,1,8,NA,83,37,96,45,53800,100,22/11/2013 14:09:11,2013-11-20 22:15:14,143637,7,91,41,91,1071,397,Y48mUuyTkvo
8,92,73,8,218,204,1100 - 1149,[01] 1 día,121.793478261,Valid,[03] 1:31 a 2:00,1,8,VIDEOJUEGOS,117,64,97,94,134460,120,22/11/2013 14:37:24,2013-11-21 11:40:56,96988,6,109,47,175,1071,1104,vyABlQ2lm2w
8,85,68,8,213,202,750 - 799,[03] 3 días,27.336683417,Valid,[06] 3:01 a 3:30,1,8,CINE,207,16,98,13,21760,20,22/11/2013 22:19:35,2013-11-19 15:54:04,282331,4,35,19,35,1074,796,F3XTAw3tzyI
8,82,58,8,207,200,0 - 49,[04] 4 días,20,Valid,[07] 3:31 a 4:00,1,8,MISC,220,6,99,8,820,20,24/11/2013 23:47:08,2013-11-20 18:51:02,363366,3,16,9,16,1086,41,rebEBSm9xmg
8,77,50,8,195,189,150 - 199,[02] 2 días,36.630434783,Valid,[10] 5:01 a 5:30,1,8,MISC,311,15,100,12,6740,20,25/11/2013 21:44:07,2013-11-22 23:34:10,252597,10,33,26,33,1089,184,Pv-Do30-P8A
7,110,80,7,181,162,450 - 499,[03] 3 días,32.494929006,Valid,[03] 1:31 a 2:00,1,7,MISC,94,15,102,13,16020,10,28/11/2013 19:47:51,2013-11-25 19:09:09,261522,15,31,27,31,1138,493,mTWfqi3-3qU
7,117,86,7,167,147,150 - 199,[08] 2 semanas,19.791666667,Valid,[04] 2:01 a 2:30,1,7,MISC,147,13,103,9,3800,20,30/11/2013 16:33:56,2013-11-22 02:39:06,741290,9,24,22,24,1160,192,6N0HpAU4i1c
7,119,87,7,169,148,1000 - 1049,[02] 2 días,19.762845850,Valid,[01] 31 a 60s,1,7,CINE,32,26,104,22,20000,20,30/11/2013 17:57:03,2013-11-27 23:59:10,237473,10,54,40,54,1161,1012,t5ZRuH6kHfE
7,123,88,7,169,149,250 - 299,[03] 3 días,25.130111524,Valid,[03] 1:31 a 2:00,1,7,MISC,100,13,105,12,6760,20,01/12/2013 08:04:27,2013-11-28 07:13:27,262260,13,28,24,28,1166,269,BJZBgbH9_Lk
7,146,114,7,198,181,23700 - 23749,[10] 4 semanas,1.263738578,Valid,[07] 3:31 a 4:00,1,7,MISC,223,10,112,16,30010,10,04/12/2013 21:11:17,2013-11-10 20:55:48,2074529,21,31,26,32,1232,23747,kXzwOKyGlSA
6,153,117,6,211,189,750 - 799,[09] 3 semanas,27.291666667,Valid,[06] 3:01 a 3:30,1,6,DEPORTES,181,5,113,9,20960,20,05/12/2013 02:40:35,2013-11-16 00:21:51,1649924,9,18,17,18,1244,768,9QNdx2hs0n4
6,161,131,6,222,205,150 - 199,[02] 2 días,19.875776398,Valid,[04] 2:01 a 2:30,1,6,DEPORTES,138,7,115,15,3200,20,06/12/2013 15:47:29,2013-12-04 07:57:27,201002,8,27,24,27,1277,161,tJel8dJuPH8
6,159,131,6,220,205,0 - 49,[09] 3 semanas,18.888888889,Valid,[04] 2:01 a 2:30,1,6,MISC,135,5,116,5,340,20,06/12/2013 16:47:28,2013-11-18 08:20:22,1585626,5,13,12,13,1278,18,mY-f68J5PPo
6,149,120,6,235,222,400 - 449,[05] 5 días,29.7,Valid,[03] 1:31 a 2:00,1,6,MISC,115,10,117,17,11880,20,09/12/2013 12:42:35,2013-12-03 14:08:20,513255,17,29,25,29,1309,400,S10GMfG2NMY
6,141,109,6,241,231,550 - 599,[08] 2 semanas,18.935427574,Valid,[07] 3:31 a 4:00,1,6,MISC,234,12,119,9,10850,20,10/12/2013 16:13:24,2013-12-02 06:18:21,726903,19,25,23,25,1323,573,eX0Iy93nqKs
6,144,115,6,244,234,850 - 899,[01] 1 día,20.904817861,Valid,[10] 5:01 a 5:30,1,6,IDEAS,326,11,121,7,17790,20,11/12/2013 02:15:17,2013-12-09 02:26:57,172100,11,20,17,20,1334,851,zIEIvi2MuEk
6,141,112,6,241,228,50 - 99,[02] 2 días,100,Valid,[04] 2:01 a 2:30,1,6,IDEAS,143,12,123,10,6500,100,11/12/2013 18:59:47,2013-12-09 05:59:05,219642,16,25,25,25,1339,65,FC5FbmsH4fw
5,130,98,5,235,214,50 - 99,[01] 1 día,18.867924528,Valid,[12] 6:01 a 6:30,1,5,VIDEOJUEGOS,373,1,125,10,1000,20,12/12/2013 02:33:34,2013-12-10 12:00:40,138774,11,14,12,14,1341,53,HhabgvIIXik
5,131,94,5,235,212,0 - 49,[05] 5 días,6,Valid,[01] 31 a 60s,1,5,IDEAS,46,1,126,3,60,10,12/12/2013 15:07:46,2013-12-07 06:59:17,461309,6,6,6,6,1343,10,5fHe1QFAHwQ
5,122,81,5,232,209,100 - 149,[01] 1 día,18.032786885,Valid,[04] 2:01 a 2:30,1,5,MISC,130,8,129,6,2200,20,13/12/2013 00:20:39,2013-12-11 02:07:31,166388,8,17,17,17,1348,122,q7KswC9wCSY
5,119,77,5,231,208,50 - 99,[01] 1 día,20,Valid,[07] 3:31 a 4:00,1,5,IDEAS,233,7,130,7,1740,20,13/12/2013 14:00:54,2013-12-11 14:25:48,171306,12,17,17,17,1353,87,D9BOTXFCpQA
5,111,63,5,216,191,50 - 99,[01] 1 día,30,Valid,[03] 1:31 a 2:00,1,5,CINE,113,7,131,12,2130,30,15/12/2013 21:40:49,2013-12-14 16:07:52,106377,7,17,9,20,1362,71,nyc6RJEEe0U
5,88,34,5,183,149,50 - 99,[01] 1 día,29.615384615,Valid,[03] 1:31 a 2:00,1,5,MISC,91,4,135,9,2310,30,18/12/2013 14:53:08,2013-12-17 12:24:18,95330,8,14,14,14,1371,78,Lv-sY_z8MNs
5,94,35,5,182,142,150 - 199,[02] 2 días,29.351351351,Valid,[02] 1:01 a 1:30,1,5,MISC,65,8,139,8,5430,30,18/12/2013 21:46:58,2013-12-16 15:31:59,195299,5,18,10,18,1375,185,sFEnAno-Jzg
5,92,35,5,180,140,50 - 99,[01] 1 día,30,Valid,[01] 31 a 60s,1,5,DEPORTES,39,7,140,9,2460,30,19/12/2013 00:56:30,2013-12-17 09:12:35,143035,5,18,12,19,1376,82,GtundW1rZ2A
5,86,35,5,172,128,450 - 499,[01] 1 día,44.846491228,Valid,[07] 3:31 a 4:00,1,5,MISC,232,17,141,30,20450,50,19/12/2013 16:12:10,2013-12-18 08:46:53,113117,5,36,13,49,1378,456,EC-zB2aSXXM
5,74,25,5,156,102,50 - 99,[07] 1 semana,28.947368421,Valid,[08] 4:01 a 4:30,1,5,DEPORTES,241,8,144,9,1650,30,20/12/2013 14:00:29,2013-12-12 14:57:27,687782,3,17,9,19,1378,57,2aXFPZjCsok
5,66,19,5,145,82,150 - 199,[01] 1 día,30,Valid,[10] 5:01 a 5:30,1,5,MISC,326,7,145,12,5340,30,22/12/2013 19:22:24,2013-12-20 20:27:18,168906,10,22,16,22,1380,178,1-8isxa5B_Y
5,63,27,5,139,78,50 - 99,[02] 2 días,30,Valid,[05] 2:31 a 3:00,1,5,CINE,152,6,146,10,1590,30,23/12/2013 18:56:02,2013-12-21 13:50:32,191130,7,16,10,17,1390,53,bNuP8jDYUu0
5,62,26,5,139,78,100 - 149,[06] 6 días,29.758064516,Valid,[06] 3:01 a 3:30,1,5,MISC,184,9,147,11,3690,30,23/12/2013 19:22:43,2013-12-17 14:43:34,535149,8,21,14,21,1390,124,K_wXWIjTFf8
5,59,26,5,138,77,50 - 99,[07] 1 semana,28.762886598,Valid,[07] 3:31 a 4:00,1,5,DEPORTES,213,11,148,12,2790,30,23/12/2013 20:52:49,2013-12-16 18:13:17,614372,8,26,13,26,1391,97,elojrNqYNtY
5,44,14,13,108,47,1150 - 1199,[01] 1 día,8.626943005,Valid,[06] 3:01 a 3:30,1,5,DEPORTES,191,2,150,5,9990,30,26/12/2013 19:50:18,2013-12-25 15:31:13,101945,6,8,8,8,1392,1158,FoyCgH3kibs
4,42,20,12,88,38,150 - 199,[01] 1 día,30,Valid,[05] 2:31 a 3:00,1,4,DEPORTES,169,11,152,11,5190,30,28/12/2013 18:24:29,2013-12-27 14:44:31,99598,4,21,11,24,1398,173,AphM9UNdhgY
4,42,21,12,89,40,0 - 49,[08] 2 semanas,30,Valid,[05] 2:31 a 3:00,1,4,MISC,180,4,153,3,1230,30,29/12/2013 20:46:36,2013-12-21 19:07:57,697119,2,8,4,8,1401,41,JwH1FSkEUwI
1,40,12,9,85,39,0 - 49,[10] 4 semanas,29.361702128,Valid,[10] 5:01 a 5:30,1,1,MISC,324,7,154,5,1380,30,30/12/2013 13:57:45,2013-12-07 23:31:36,1952769,4,14,8,14,1401,47,P7EP9Ko6IsY
8,38,22,8,70,36,550 - 599,[01] 1 día,57.620689655,Valid,[01] 31 a 60s,1,0,M,31,31,156,46,33420,60,02/01/2014 16:04:37,2014-01-01 02:58:31,133566,11,52,22,82,1413,580,FH1FCBmcNGg
8,46,28,8,72,38,100 - 149,[08] 2 semanas,30,Valid,[06] 3:01 a 3:30,1,0,DEPORTES,204,8,159,9,3330,30,06/01/2014 20:54:53,2013-12-28 00:56:34,849499,6,17,14,18,1429,111,yxQHgVhxfMc
8,47,29,8,68,39,300 - 349,[04] 4 días,40,Valid,[04] 2:01 a 2:30,1,0,MISC,145,12,160,14,13480,40,07/01/2014 15:30:25,2014-01-02 21:37:31,409974,9,21,17,27,1430,337,pOoy7_l2EbI
8,55,31,8,75,41,0 - 49,[01] 1 día,30,Valid,[02] 1:01 a 1:30,1,0,IDEAS,86,9,164,9,1440,30,08/01/2014 15:46:24,2014-01-07 02:04:33,135711,8,15,12,19,1432,48,IL_enMPWT7s
8,54,25,8,77,45,0 - 49,[09] 3 semanas,25,Valid,[04] 2:01 a 2:30,1,0,MISC,123,4,165,5,750,30,09/01/2014 02:40:28,2013-12-23 18:12:43,1412865,6,9,8,10,1436,30,JEhY-b_Ih6A
8,85,67,8,114,96,50 - 99,[02] 2 días,30,Valid,[05] 2:31 a 3:00,1,8,MISC,152,5,169,4,1650,30,10/01/2014 12:33:31,2014-01-08 05:34:04,197967,6,10,9,10,1490,55,D-wxnID2q4A
8,89,70,8,118,100,0 - 49,[02] 2 días,26.086956522,Valid,[04] 2:01 a 2:30,1,8,VIDEOJUEGOS,122,3,170,7,600,30,10/01/2014 16:56:40,2014-01-08 11:33:56,192164,5,12,8,12,1494,23,4dnw9dWISvw
8,90,73,8,118,104,0 - 49,[02] 2 días,30,Valid,[05] 2:31 a 3:00,1,8,MISC,154,0,171,1,30,30,10/01/2014 20:52:18,2014-01-08 16:39:14,187984,2,2,2,2,1499,1,zHbk92G655k
8,90,73,8,118,104,0 - 49,[02] 2 días,30,Valid,[05] 2:31 a 3:00,1,8,MISC,154,3,172,4,540,30,10/01/2014 21:20:32,2014-01-08 16:39:14,189678,5,8,8,8,1499,18,zHbk92G655k
8,88,73,8,118,102,50 - 99,[04] 4 días,30,Valid,[06] 3:01 a 3:30,1,8,DEPORTES,187,6,175,6,1710,30,11/01/2014 05:45:33,2014-01-06 22:01:53,373420,4,13,11,13,1499,57,YWZLw6Mo8X8
8,95,81,8,118,107,300 - 349,[14] 8 semanas,40,Valid,[03] 1:31 a 2:00,1,8,CINE,96,9,180,13,12480,40,13/01/2014 15:44:53,2013-11-20 14:45:12,4669181,8,18,12,23,1508,312,rYUA1I4U4Ek
8,93,80,8,118,108,100 - 149,[03] 3 días,30,Valid,[05] 2:31 a 3:00,1,8,MISC,179,2,182,5,3360,30,13/01/2014 21:18:03,2014-01-10 15:03:57,281646,6,9,9,9,1509,112,QguEfBMhpyc
7,95,83,7,121,112,250 - 299,[06] 6 días,39.853479853,Valid,[03] 1:31 a 2:00,1,7,DEPORTES,103,9,184,13,10880,40,14/01/2014 03:49:36,2014-01-07 18:44:41,551095,6,17,13,24,1513,273,JC4zzuWHK-M
7,96,88,7,123,117,0 - 49,[14] 8 semanas,27.1875,Valid,[04] 2:01 a 2:30,1,7,IDEAS,136,3,186,5,870,30,14/01/2014 16:12:20,2013-11-19 20:46:42,4821938,7,9,9,9,1518,32,pLpDXkMQmcc
7,96,89,7,123,118,0 - 49,[10] 4 semanas,26.086956522,Valid,[03] 1:31 a 2:00,1,7,MISC,92,2,187,4,600,30,14/01/2014 19:09:59,2013-12-20 19:33:16,2158603,5,7,7,7,1519,23,SdKI6WS7ghE
7,96,89,7,123,119,100 - 149,[01] 1 día,30,Valid,[05] 2:31 a 3:00,1,7,MISC,152,4,188,5,3120,30,14/01/2014 19:34:31,2014-01-13 18:16:11,91100,8,10,10,10,1520,104,qLcaNjcaNSc
7,102,97,7,133,128,150 - 199,[08] 2 semanas,30,Valid,[03] 1:31 a 2:00,1,7,MISC,93,6,191,4,4740,30,15/01/2014 13:50:28,2014-01-05 16:44:31,853557,5,11,9,11,1529,158,hCRDskZrUMU
7,103,99,7,133,130,0 - 49,[04] 4 días,30,Valid,[04] 2:01 a 2:30,1,7,CINE,150,4,192,6,870,30,15/01/2014 15:19:56,2014-01-10 20:49:32,412224,4,10,6,11,1531,29,vnI0UfKPaOo
7,103,99,7,134,130,50 - 99,[01] 1 día,29.670329670,Valid,[06] 3:01 a 3:30,1,7,MISC,202,5,193,2,2700,30,15/01/2014 18:58:17,2014-01-14 11:59:09,111548,6,8,7,8,1531,91,1NOzkyhA-aQ
6,103,96,6,130,124,0 - 49,[01] 1 día,25.714285714,Valid,[01] 31 a 60s,1,6,IDEAS,53,4,194,2,360,30,16/01/2014 00:22:44,2014-01-14 00:50:56,171108,4,7,6,7,1531,14,roag3p3g1r4
6,70,37,6,125,111,0 - 49,[08] 2 semanas,30,Valid,[05] 2:31 a 3:00,1,6,MISC,153,4,201,5,1350,30,18/01/2014 18:19:07,2014-01-10 15:34:04,701103,3,10,10,10,1537,45,H5BAel-mHdY
6,64,28,6,124,108,0 - 49,[14] 8 semanas,40,Valid,[04] 2:01 a 2:30,1,6,CINE,123,6,203,5,1680,40,21/01/2014 00:30:30,2013-11-27 19:08:05,4684945,2,12,11,12,1538,42,gGqheJStFLk
6,63,30,6,124,111,0 - 49,[06] 6 días,30,Valid,[06] 3:01 a 3:30,1,6,MISC,208,4,205,4,810,30,21/01/2014 02:25:00,2014-01-14 06:43:39,589281,5,9,9,9,1541,27,YRbakPKgU5Y
6,63,30,6,124,111,0 - 49,[01] 1 día,30,Valid,[11] 5:31 a 6:00,1,6,MISC,359,1,206,2,360,30,21/01/2014 02:36:02,2014-01-19 13:21:30,134072,3,4,4,4,1541,12,sjvgC1cKQGA
6,59,26,6,125,111,0 - 49,[05] 5 días,30,Valid,[02] 1:01 a 1:30,1,6,CINE,71,1,208,5,660,30,21/01/2014 14:04:02,2014-01-15 19:17:34,499588,2,7,5,7,1541,22,qaXWNSpZ4dU
6,52,17,6,123,111,0 - 49,[02] 2 días,30,Valid,[02] 1:01 a 1:30,1,6,DEPORTES,62,1,212,3,270,30,22/01/2014 01:49:03,2014-01-19 23:31:31,181052,2,5,3,5,1542,9,jPtPC4zqjzQ
6,41,8,6,108,82,0 - 49,[04] 4 días,30,Valid,[03] 1:31 a 2:00,1,6,IDEAS,91,1,215,3,540,30,23/01/2014 18:52:24,2014-01-19 12:13:43,369521,4,6,4,6,1543,18,YNEXzvnD7mI
6,43,10,6,101,67,50 - 99,[07] 1 semana,28.181818182,Valid,[06] 3:01 a 3:30,1,6,MISC,205,6,216,3,2790,30,24/01/2014 00:03:38,2014-01-16 23:26:23,607035,9,10,9,10,1545,99,_074G_bk5sY
6,44,11,6,96,57,0 - 49,[05] 5 días,30,Valid,[05] 2:31 a 3:00,1,6,MISC,174,4,218,4,990,30,24/01/2014 12:54:30,2014-01-19 09:23:33,444657,4,9,9,9,1547,33,9nSWc43TLaI
6,44,11,6,95,55,50 - 99,[13] 7 semanas,28.548387097,Valid,[07] 3:31 a 4:00,1,6,MISC,214,5,219,2,1770,30,24/01/2014 14:46:57,2013-12-11 11:00:01,3815216,5,8,8,8,1547,62,sZwmo_2DOz0
6,45,13,6,80,41,0 - 49,[08] 2 semanas,30,Valid,[10] 5:01 a 5:30,1,6,DEPORTES,301,3,220,6,360,30,28/01/2014 00:22:17,2014-01-19 13:23:15,730742,4,10,5,10,1551,12,R1Owd5QPF6E
6,45,11,6,80,41,0 - 49,[05] 5 días,20,Valid,[01] 31 a 60s,1,6,MISC,52,1,222,1,120,30,28/01/2014 01:00:32,2014-01-22 13:36:10,473062,2,3,3,3,1551,6,LDJ4hmw9i6I
6,38,13,6,64,23,50 - 99,[01] 1 día,30,Valid,[07] 3:31 a 4:00,1,6,MISC,223,3,226,1,2130,30,30/01/2014 23:38:18,2014-01-29 15:28:30,115788,5,5,5,5,1558,71,Bmb3a7ihgpU
6,30,14,6,63,26,0 - 49,[03] 3 días,30,Valid,[02] 1:01 a 1:30,1,6,MISC,61,0,228,1,390,30,01/02/2014 19:21:09,2014-01-29 13:26:20,280489,2,2,2,2,1563,13,uQB7QRyF4p4
6,31,15,6,64,27,50 - 99,[08] 2 semanas,30,Valid,[03] 1:31 a 2:00,1,6,MISC,103,1,233,2,1560,30,03/02/2014 18:43:30,2014-01-21 21:27:53,1113337,3,4,4,4,1565,52,GaSjwAu3yrI
6,32,15,6,65,26,50 - 99,[03] 3 días,30,Valid,[01] 31 a 60s,1,6,IDEAS,31,5,236,6,1500,30,04/02/2014 02:04:51,2014-01-31 14:37:55,300416,2,8,4,12,1566,50,KMpR8v7m-LM
6,33,16,6,64,26,0 - 49,[01] 1 día,40,Valid,[20] 10:01 o más,1,6,CINE,605,1,237,4,360,40,04/02/2014 15:46:57,2014-02-03 07:20:28,116789,4,6,5,6,1567,9,rtu62Gklgso
6,28,15,6,58,30,0 - 49,[07] 1 semana,30,Valid,[02] 1:01 a 1:30,1,6,MISC,69,1,241,2,270,30,06/02/2014 15:25:07,2014-01-29 15:37:03,690484,3,4,3,4,1573,9,3Js4YZ1z0to
6,30,15,6,60,30,0 - 49,[13] 7 semanas,30,Valid,[06] 3:01 a 3:30,1,6,CINE,194,0,242,2,570,30,06/02/2014 17:51:54,2013-12-23 09:12:00,3919194,3,3,3,3,1573,19,nvoWwY64S5w
6,31,15,6,59,29,0 - 49,[02] 2 días,30,Valid,[05] 2:31 a 3:00,1,6,MISC,157,2,244,2,300,30,06/02/2014 19:39:12,2014-02-04 04:42:14,226618,4,5,5,5,1573,10,PCRqNsRflHM
6,31,15,6,59,29,0 - 49,[01] 1 día,30,Valid,[03] 1:31 a 2:00,1,6,MISC,105,0,245,2,450,30,06/02/2014 19:56:21,2014-02-05 17:00:02,96979,3,3,3,3,1573,15,8tLGz7073Vg
6,28,15,6,56,27,0 - 49,[08] 2 semanas,30,Valid,[08] 4:01 a 4:30,1,6,DEPORTES,245,1,246,6,600,30,07/02/2014 00:46:24,2014-01-27 01:25:50,948034,5,8,5,8,1573,20,ox7spKu7EOc
6,29,16,6,51,27,0 - 49,[05] 5 días,60,Valid,[04] 2:01 a 2:30,1,6,DEPORTES,134,7,249,11,1020,60,07/02/2014 15:12:50,2014-02-02 12:07:26,443124,2,16,2,20,1574,17,Hc7oa-e3Blg
6,26,12,6,48,26,0 - 49,[02] 2 días,30,Valid,[01] 31 a 60s,1,6,MISC,47,2,254,1,810,30,10/02/2014 15:16:27,2014-02-08 02:38:42,218265,2,4,2,4,1576,27,TAZIvyAJfeM
6,24,12,6,48,27,0 - 49,[03] 3 días,47.5,Valid,[02] 1:01 a 1:30,1,6,MISC,61,9,255,13,950,50,10/02/2014 17:33:28,2014-02-07 13:59:48,272020,2,18,2,23,1577,20,bu2ht9c-FFU
6,24,12,6,48,27,0 - 49,[11] 5 semanas,30,Valid,[03] 1:31 a 2:00,1,6,MISC,104,1,256,1,180,30,10/02/2014 17:50:24,2014-01-08 21:31:49,2837915,2,3,2,3,1577,6,DXAva_gO8Qk
6,19,9,6,45,23,0 - 49,[04] 4 días,30,Valid,[02] 1:01 a 1:30,1,6,IDEAS,78,3,258,4,210,30,12/02/2014 00:25:57,2014-02-07 15:49:31,376586,2,3,2,8,1577,7,YbNmL6hSNKw
6,19,9,6,45,23,0 - 49,[01] 1 día,30,Valid,[04] 2:01 a 2:30,1,6,IDEAS,130,4,259,8,780,30,12/02/2014 00:44:39,2014-02-11 00:09:22,88517,2,8,5,14,1577,26,5HEJGGpco6g
5,20,6,5,44,21,0 - 49,[03] 3 días,30,Valid,[02] 1:01 a 1:30,1,5,MISC,70,0,260,2,690,30,13/02/2014 01:19:48,2014-02-09 22:11:53,270475,2,3,3,3,1579,23,QrxPuk0JefA
5,20,6,5,43,21,0 - 49,[01] 1 día,30,Valid,[05] 2:31 a 3:00,1,5,CINE,155,3,261,7,480,30,13/02/2014 01:39:58,2014-02-12 00:33:08,90410,4,8,5,11,1579,16,QheoYw1BKJ4
5,21,6,5,42,21,0 - 49,[09] 3 semanas,30,Valid,[01] 31 a 60s,1,5,MISC,37,1,264,1,210,30,13/02/2014 03:04:00,2014-01-24 00:52:11,1735909,2,5,2,5,1579,7,R35k8WNpCio
5,16,6,5,39,21,0 - 49,[03] 3 días,30,Valid,[01] 31 a 60s,1,5,DEPORTES,45,2,265,5,900,30,13/02/2014 19:54:46,2014-02-10 07:51:40,302586,2,8,3,8,1579,30,_mbdtupCbc4
5,10,6,5,26,17,0 - 49,[03] 3 días,60,Valid,[04] 2:01 a 2:30,1,5,MISC,134,15,269,19,1260,60,18/02/2014 02:25:26,2014-02-14 18:00:05,289521,3,32,23,38,1583,21,b89_PDSMf3I
5,71,184,5,79,190,100 - 149,[01] 1 día,29.705882353,Valid,[05] 2:31 a 3:00,1,5,MISC,179,13,279,20,3030,30,21/02/2014 17:56:10,2014-02-19 19:47:44,166106,6,30,23,35,1764,102,OTcdutIcEJ4
5,72,192,5,80,198,0 - 49,[04] 4 días,30,Valid,[01] 31 a 60s,1,5,DEPORTES,48,2,280,8,600,30,21/02/2014 19:11:25,2014-02-16 23:49:22,415323,4,12,6,12,1772,20,CnIaDofCwbA
5,95,283,5,101,290,0 - 49,[04] 4 días,30,Valid,[05] 2:31 a 3:00,1,5,IDEAS,153,3,283,7,570,30,22/02/2014 22:24:54,2014-02-18 13:15:21,378573,3,9,3,11,1866,19,bhCAkUMQ5GA
5,113,358,5,120,365,50 - 99,[21] 15 semanas,30,Valid,[04] 2:01 a 2:30,1,5,MISC,147,2,285,3,2100,30,24/02/2014 14:26:33,2013-11-15 12:00:00,8735193,4,6,6,6,1941,70,xIVpFgog6FM
5,121,395,5,127,401,50 - 99,[06] 6 días,60,Valid,[03] 1:31 a 2:00,1,5,MISC,110,12,289,15,3900,60,25/02/2014 14:54:50,2014-02-19 11:13:27,531683,6,24,13,29,1978,65,_u3BRY2RF5I
5,126,405,5,133,411,50 - 99,[08] 2 semanas,49.253731343,Valid,[05] 2:31 a 3:00,1,5,MISC,158,12,293,9,3300,50,26/02/2014 02:37:08,2014-02-11 18:00:04,1240624,6,21,12,22,1988,67,cgnceHH_p_I
5,122,406,5,133,418,0 - 49,[19] 13 semanas,30,Valid,[04] 2:01 a 2:30,1,5,CINE,147,4,295,4,240,30,26/02/2014 15:05:44,2013-11-28 23:19:10,7746394,2,9,2,9,1995,8,BbMlzoOr5qQ
5,121,411,5,136,423,0 - 49,[02] 2 días,30,Valid,[05] 2:31 a 3:00,1,5,MISC,175,1,296,2,510,30,26/02/2014 19:29:25,2014-02-23 20:33:19,255366,2,4,4,4,2001,17,tqX7POfzqqg
5,62,156,6,148,439,0 - 49,[01] 1 día,43.75,Valid,[02] 1:01 a 1:30,1,5,DEPORTES,90,7,301,10,700,50,01/03/2014 22:27:40,2014-02-28 18:00:04,102456,3,18,6,18,2022,16,RUuVhiXe33Q
5,46,81,6,149,441,0 - 49,[09] 3 semanas,30,Valid,[03] 1:31 a 2:00,1,5,MISC,119,0,303,1,180,30,03/03/2014 15:54:27,2014-02-10 19:53:25,1800062,2,2,2,2,2024,6,6M-YX-r0Ll4
5,43,56,6,152,447,50 - 99,[03] 3 días,90,Valid,[01] 31 a 60s,1,5,VIDEOJUEGOS,42,17,309,20,7110,90,04/03/2014 14:07:02,2014-02-28 14:48:02,343140,5,29,10,40,2030,79,2tpqbYGm6gY
5,39,50,6,154,453,50 - 99,[01] 1 día,30,Valid,[09] 4:31 a 5:00,1,5,MISC,273,1,315,2,1500,30,04/03/2014 22:47:58,2014-03-03 21:38:28,90570,4,4,4,4,2036,50,A4vE_vpkr90
5,43,32,5,132,349,0 - 49,[01] 1 día,30,Valid,[02] 1:01 a 1:30,1,4,MISC,64,0,323,2,210,30,07/03/2014 02:05:13,2014-03-05 21:47:31,101862,3,3,3,3,2047,7,MFaOogd6YyA
5,43,31,8,106,249,0 - 49,[03] 3 días,30,Valid,[06] 3:01 a 3:30,1,4,DEPORTES,181,2,324,5,300,30,08/03/2014 02:27:50,2014-03-04 20:22:29,281121,2,8,4,8,2050,10,imVNg9j7rvU
5,42,28,8,81,135,0 - 49,[11] 5 semanas,30,Valid,[13] 6:31 a 7:00,1,4,MISC,395,2,325,6,780,30,09/03/2014 21:05:46,2014-02-07 20:35:14,2593832,7,9,9,9,2050,26,pbVfmmsdk1c
5,48,29,8,87,125,0 - 49,[03] 3 días,30,Valid,[08] 4:01 a 4:30,1,4,CINE,242,2,328,4,360,30,10/03/2014 03:13:21,2014-03-06 19:52:27,285654,3,8,7,8,2052,12,6k0kkSHiiPE
5,48,29,8,87,123,0 - 49,[01] 1 día,30,Valid,[03] 1:31 a 2:00,1,4,MISC,91,1,330,2,120,30,10/03/2014 04:05:00,2014-03-08 19:12:29,118351,2,4,4,4,2052,4,3_wJ5vG_wrw
5,50,32,8,86,107,0 - 49,[15] 9 semanas,56.470588235,Valid,[01] 31 a 60s,1,4,MISC,31,7,331,8,960,60,10/03/2014 18:57:03,2014-01-08 14:09:42,5287641,2,15,8,16,2057,17,gcJ-mqrI8Gs
5,49,32,8,84,105,50 - 99,[01] 1 día,30,Valid,[06] 3:01 a 3:30,1,4,MISC,196,2,332,2,1800,30,10/03/2014 19:49:29,2014-03-09 17:41:43,94066,2,5,5,5,2057,60,sQLkJJpAIcU
5,54,34,8,86,96,0 - 49,[04] 4 días,30,Valid,[05] 2:31 a 3:00,1,4,MISC,170,1,334,2,210,30,11/03/2014 01:06:33,2014-03-06 16:58:06,374907,2,4,4,4,2060,7,FN0cHYm3YtU
5,58,35,8,87,87,0 - 49,[04] 4 días,30,Valid,[06] 3:01 a 3:30,1,4,MISC,182,2,338,4,300,30,11/03/2014 14:53:02,2014-03-07 02:27:59,390303,3,7,7,7,2065,10,9HvaFhUcm-4
5,55,29,8,86,74,50 - 99,[05] 5 días,60,Valid,[02] 1:01 a 1:30,1,4,MISC,62,19,341,11,5880,60,12/03/2014 13:40:10,2014-03-06 13:40:26,518384,8,26,19,31,2068,98,-mQZqKLiMIg
5,51,30,8,86,75,200 - 249,[01] 1 día,47.655502392,Valid,[05] 2:31 a 3:00,1,4,MISC,161,11,342,9,9960,60,12/03/2014 15:17:00,2014-03-10 15:38:29,171511,10,21,21,21,2070,209,zy9RpsUYyq8
5,51,29,8,83,70,0 - 49,[01] 1 día,30,Valid,[06] 3:01 a 3:30,1,4,IDEAS,193,2,344,6,210,30,12/03/2014 21:56:39,2014-03-11 18:07:13,100166,3,9,5,9,2071,7,lZ4sKdV1P0A
4,48,30,7,76,63,250 - 299,[03] 3 días,81.25,Valid,[01] 31 a 60s,1,3,VIDEOJUEGOS,31,16,346,17,22100,100,13/03/2014 22:36:48,2014-03-10 18:49:45,272823,7,27,13,37,2076,272,uTbetLBrOvQ
6,48,31,7,75,63,0 - 49,[02] 2 días,30,Valid,[03] 1:31 a 2:00,1,4,MISC,109,1,348,3,390,30,14/03/2014 03:13:43,2014-03-11 18:06:12,205651,2,6,6,6,2078,13,ry1E1uzPSU0
7,58,43,7,84,71,0 - 49,[01] 1 día,60,Valid,[03] 1:31 a 2:00,1,4,MISC,111,10,355,9,1740,60,15/03/2014 19:27:47,2014-03-14 04:00:32,142035,8,20,15,20,2093,29,H05At3ohbRE
7,58,43,7,83,71,50 - 99,[01] 1 día,30,Valid,[05] 2:31 a 3:00,1,4,DEPORTES,155,3,356,6,2040,30,16/03/2014 00:32:49,2014-03-14 20:49:53,99776,5,11,8,11,2093,68,cTQvYxELaFI
7,58,43,7,83,71,0 - 49,[09] 3 semanas,30,Valid,[06] 3:01 a 3:30,1,4,DEPORTES,188,3,359,6,780,30,16/03/2014 03:53:12,2014-02-28 01:39:47,1390405,5,10,7,10,2093,26,FmHDfTBXEE0
7,58,45,7,83,73,0 - 49,[02] 2 días,30,Valid,[08] 4:01 a 4:30,1,4,MISC,267,4,360,3,1290,30,16/03/2014 15:58:29,2014-03-13 18:32:48,249941,6,8,8,8,2095,43,WgAbH_9V6xg
7,56,46,7,83,74,0 - 49,[09] 3 semanas,30,Valid,[20] 10:01 o más,1,4,MISC,637,3,362,4,150,30,17/03/2014 00:24:08,2014-02-28 14:40:30,1417418,7,8,8,8,2096,5,Wz-ELUw6xtY
7,54,42,8,85,73,0 - 49,[02] 2 días,80,Valid,[03] 1:31 a 2:00,1,4,VIDEOJUEGOS,97,10,364,16,3120,80,17/03/2014 14:31:09,2014-03-14 16:00:02,253867,7,25,11,28,2097,39,nUzoCj7LW9c
6,54,43,7,90,74,0 - 49,[03] 3 días,30,Valid,[04] 2:01 a 2:30,1,3,MISC,127,3,368,3,660,30,18/03/2014 21:24:22,2014-03-15 20:25:21,262741,4,7,7,7,2108,22,FsZrywjPIb0
6,52,46,7,86,75,0 - 49,[07] 1 semana,30,Valid,[01] 31 a 60s,1,3,DEPORTES,46,4,371,5,690,30,19/03/2014 13:07:44,2014-03-12 08:47:29,620415,2,9,7,10,2114,23,xnZhxsbpuCg
5,52,43,6,81,73,500 - 549,[01] 1 día,20.235294118,Valid,[03] 1:31 a 2:00,1,2,MISC,109,2,373,2,10320,30,20/03/2014 03:33:00,2014-03-18 18:13:30,119970,5,7,7,7,2116,510,lLaw6Bbd_So
5,59,45,6,81,75,350 - 399,[01] 1 día,28.043478261,Valid,[16] 8:01 a 8:30,1,5,MISC,500,5,380,3,10320,30,21/03/2014 04:27:30,2014-03-19 20:35:48,114702,7,9,9,9,2123,368,TpaQYSd75Ak
6,59,44,6,88,86,100 - 149,[04] 4 días,30,Valid,[08] 4:01 a 4:30,1,5,MISC,241,4,387,2,3930,30,24/03/2014 15:57:41,2014-03-19 20:11:37,416764,6,7,7,7,2141,131,aCJQAm_uKyg
6,61,45,6,89,85,0 - 49,[02] 2 días,30,Valid,[06] 3:01 a 3:30,1,5,MISC,205,1,390,1,210,30,24/03/2014 21:32:05,2014-03-22 03:27:28,237877,3,3,3,3,2142,7,RTkiEPrg_jo
6,64,50,7,91,89,0 - 49,[07] 1 semana,30,Valid,[06] 3:01 a 3:30,1,5,IDEAS,208,1,394,3,300,30,25/03/2014 18:26:20,2014-03-18 10:45:38,632442,3,5,3,5,2154,10,odmFO7pJ-RQ
6,61,42,7,92,87,0 - 49,[08] 2 semanas,30,Valid,[02] 1:01 a 1:30,1,5,IDEAS,83,2,398,4,510,30,26/03/2014 18:36:28,2014-03-14 15:18:24,1048684,2,7,3,7,2158,17,1f_bAXHckUY
5,62,44,6,94,85,0 - 49,[01] 1 día,30,Valid,[09] 4:31 a 5:00,1,4,MISC,281,0,400,1,60,30,27/03/2014 12:40:15,2014-03-26 12:30:01,87014,2,2,2,2,2160,2,CAXrgl_oF-8
5,62,44,6,94,85,500 - 549,[02] 2 días,29.886148008,Valid,[04] 2:01 a 2:30,1,4,MISC,121,1,401,3,15750,30,27/03/2014 12:56:12,2014-03-25 12:16:21,175191,5,5,5,5,2160,527,H8ol7ojcRU8
5,63,42,6,98,86,0 - 49,[01] 1 día,30,Valid,[10] 5:01 a 5:30,1,4,MISC,305,5,403,1,1470,30,27/03/2014 21:24:21,2014-03-26 14:47:29,110212,5,8,8,8,2162,49,8kmUbSud9Jk
5,59,39,7,100,82,0 - 49,[04] 4 días,30,Valid,[05] 2:31 a 3:00,1,4,CINE,155,1,406,2,60,30,29/03/2014 17:05:55,2014-03-25 17:00:09,345946,2,4,2,4,2172,2,yUmSVcttXnI
5,59,33,7,98,77,250 - 299,[08] 2 semanas,29.772727273,Valid,[04] 2:01 a 2:30,1,4,MISC,135,1,408,3,7860,30,31/03/2014 01:45:41,2014-03-23 01:21:32,692649,4,5,5,5,2173,264,xaM-xXgl4Bs
5,60,35,7,97,79,200 - 249,[08] 2 semanas,149.264705882,Valid,[04] 2:01 a 2:30,1,5,M,143,23,410,41,30450,150,31/03/2014 13:00:43,2014-03-23 11:18:35,697328,9,40,19,69,2176,204,84niw5mYoXk
5,62,35,7,99,79,0 - 49,[04] 4 días,30,Valid,[06] 3:01 a 3:30,1,5,MISC,205,1,411,1,660,30,31/03/2014 13:37:45,2014-03-26 16:24:28,421997,2,3,3,3,2176,22,Xe11Pp1g39I
5,63,39,7,101,84,50 - 99,[13] 7 semanas,100,Valid,[04] 2:01 a 2:30,1,5,VIDEOJUEGOS,130,8,413,15,6800,100,31/03/2014 20:45:30,2014-02-13 22:34:56,3967834,4,19,12,25,2181,68,631c1fz87I8
5,57,30,6,97,74,7450 - 7499,[01] 1 día,18.802563076,Valid,[02] 1:01 a 1:30,1,4,MISC,73,1,422,3,140850,30,03/04/2014 02:40:04,2014-04-01 20:03:31,110193,4,5,5,5,2190,7491,Gw79smKZB9E
5,62,36,6,101,80,0 - 49,[01] 1 día,60,Valid,[04] 2:01 a 2:30,1,4,MISC,132,3,425,7,900,60,03/04/2014 16:01:32,2014-04-02 06:44:21,119831,5,9,9,11,2196,15,DFo7ztlMlmg
6,62,39,6,100,79,50 - 99,[01] 1 día,60,Valid,[04] 2:01 a 2:30,1,4,VIDEOJUEGOS,146,5,429,14,4800,60,04/04/2014 13:17:42,2014-04-03 07:00:01,109061,7,19,16,22,2202,80,lYBz6HWBw3A
6,62,43,6,102,81,150 - 199,[07] 1 semana,30,Valid,[02] 1:01 a 1:30,1,4,IDEAS,67,3,432,5,5730,30,04/04/2014 20:33:51,2014-03-28 12:32:10,633701,3,9,6,9,2208,191,h1msuWVZZmQ
6,58,37,6,98,76,50 - 99,[02] 2 días,30,Valid,[04] 2:01 a 2:30,1,4,M,140,2,436,4,1710,30,05/04/2014 17:49:31,2014-04-03 10:50:52,197919,2,7,7,7,2209,57,JLSC5HUbvcQ
6,54,38,6,97,74,850 - 899,[02] 2 días,29.766146993,Valid,[04] 2:01 a 2:30,1,4,MISC,147,4,437,4,26730,30,06/04/2014 03:59:59,2014-04-03 18:06:58,208381,4,9,9,9,2211,898,7q5mgtUOI_w
6,48,41,6,87,71,50 - 99,[08] 2 semanas,120,Valid,[08] 4:01 a 4:30,1,4,VIDEOJUEGOS,242,11,443,22,11640,120,08/04/2014 13:28:03,2014-03-27 17:00:04,1024079,4,21,16,35,2223,97,F8ImRp16dtY
6,48,40,6,87,71,350 - 399,[09] 3 semanas,119.366754617,Valid,[02] 1:01 a 1:30,1,4,VIDEOJUEGOS,75,12,444,21,45240,120,08/04/2014 14:31:05,2014-03-21 21:49:57,1528868,6,20,18,34,2223,379,i41FVf7Jl4E
6,49,46,6,88,75,0 - 49,[05] 5 días,60,Valid,[01] 31 a 60s,1,5,MISC,31,0,449,2,840,60,09/04/2014 01:20:47,2014-04-03 15:17:22,468205,3,3,3,3,2230,14,S_-6EoNhitg
6,49,46,6,86,75,0 - 49,[04] 4 días,30,Valid,[01] 31 a 60s,1,5,DEPORTES,51,0,451,2,30,30,09/04/2014 14:40:18,2014-04-04 16:21:57,425901,3,3,3,3,2232,1,k7-3xEpyAgo
6,47,45,6,86,75,0 - 49,[01] 1 día,30,Valid,[02] 1:01 a 1:30,1,5,IDEAS,87,0,452,4,1110,30,09/04/2014 20:01:50,2014-04-08 13:44:57,109013,5,5,5,5,2233,37,9DhJZAhjbcI
5,49,49,5,89,79,0 - 49,[03] 3 días,30,Valid,[10] 5:01 a 5:30,1,4,MISC,323,0,456,4,180,30,10/04/2014 01:55:01,2014-04-06 16:14:32,294029,4,5,5,5,2239,6,QDvt5q6bt1s
5,48,47,5,92,82,50 - 99,[01] 1 día,30,Valid,[06] 3:01 a 3:30,1,4,DEPORTES,192,1,459,2,1590,30,10/04/2014 14:34:47,2014-04-09 02:16:59,130668,2,4,4,4,2242,53,AURnnpiGOxs
5,49,48,5,93,83,0 - 49,[20] 14 semanas,30,Valid,[05] 2:31 a 3:00,1,4,IDEAS,157,0,460,6,240,30,10/04/2014 15:23:34,2014-01-08 06:38:14,7980320,4,7,7,7,2243,8,iZ6PVBvQf-g
5,51,53,5,92,88,0 - 49,[04] 4 días,30,Valid,[04] 2:01 a 2:30,1,5,MISC,131,0,464,4,1350,30,11/04/2014 03:15:25,2014-04-06 12:17:34,399471,3,5,5,5,2251,45,XmFmYLAveWM
5,47,48,5,92,89,0 - 49,[01] 1 día,30,Valid,[06] 3:01 a 3:30,1,5,IDEAS,186,2,465,6,1470,30,11/04/2014 14:43:01,2014-04-09 22:02:28,146433,2,9,8,9,2252,49,34Q0BB8-2nA
5,45,45,5,85,81,0 - 49,[01] 1 día,30,Valid,[20] 10:01 o más,1,5,VIDEOJUEGOS,746,0,466,5,750,30,12/04/2014 16:43:02,2014-04-11 07:22:02,120060,3,6,6,6,2253,25,5TWQFSzQyeM
5,45,45,5,85,81,50 - 99,[01] 1 día,60,Valid,[06] 3:01 a 3:30,1,5,DEPORTES,204,4,467,13,5100,60,12/04/2014 17:14:39,2014-04-11 17:00:06,87273,5,17,14,18,2253,85,7fGGEwY3qVk
5,57,57,5,92,101,1550 - 1599,[03] 3 días,22.781954887,Valid,[03] 1:31 a 2:00,1,5,MISC,108,1,470,4,36360,30,14/04/2014 03:27:07,2014-04-10 20:39:47,283640,5,6,6,6,2276,1596,3x_5uR_XBOU
5,62,58,5,89,98,0 - 49,[07] 1 semana,30,Valid,[02] 1:01 a 1:30,1,5,MISC,65,1,473,4,450,30,15/04/2014 14:01:59,2014-04-08 07:12:04,629395,4,6,6,6,2281,15,6M_l2OsdCkg
5,62,59,5,89,99,0 - 49,[07] 1 semana,40,Valid,[04] 2:01 a 2:30,1,5,MISC,149,8,474,8,960,40,15/04/2014 15:02:40,2014-04-07 16:00:48,687712,4,12,7,17,2282,24,DWc8dUl7Xfo
5,63,62,5,89,103,0 - 49,[01] 1 día,30,Valid,[01] 31 a 60s,1,5,IDEAS,57,1,475,2,360,30,15/04/2014 22:22:30,2014-04-14 13:23:42,118728,3,4,3,4,2287,12,SlGsj47EBIU
5,61,56,5,89,103,50 - 99,[02] 2 días,30,Valid,[05] 2:31 a 3:00,1,5,DEPORTES,162,3,478,4,1800,30,16/04/2014 01:39:31,2014-04-13 13:06:02,218009,4,8,7,8,2287,60,lM4FQ_FqEhQ
5,61,55,5,89,103,100 - 149,[02] 2 días,30,Valid,[08] 4:01 a 4:30,1,5,MISC,260,3,479,3,3630,30,16/04/2014 02:01:51,2014-04-13 17:00:04,205307,4,7,6,7,2287,121,39oGCTAJ9Vw
4,57,50,6,89,100,0 - 49,[02] 2 días,30,Valid,[02] 1:01 a 1:30,1,4,MISC,71,0,484,3,870,30,17/04/2014 02:17:50,2014-04-14 05:23:20,248070,3,4,4,4,2290,29,GjmNjbkKaPk
4,49,44,6,80,88,5650 - 5699,[03] 3 días,17.666077739,Valid,[04] 2:01 a 2:30,1,4,MISC,137,3,486,1,99990,30,19/04/2014 18:13:33,2014-04-16 15:53:11,267622,5,5,5,5,2297,5660,UMPyB3n7cLc
4,43,29,6,84,84,6050 - 6099,[01] 1 día,28.601652893,Valid,[07] 3:31 a 4:00,1,4,MISC,233,5,487,14,173040,30,21/04/2014 15:05:49,2014-04-19 18:30:21,160528,11,20,20,20,2306,6050,gO_KyTtJg10
4,49,38,6,89,93,0 - 49,[01] 1 día,30,Valid,[11] 5:31 a 6:00,1,4,CINE,333,0,492,4,720,30,23/04/2014 19:16:57,2014-04-22 17:00:00,94617,2,5,5,5,2326,24,2b0WS8JCXzE
5,49,37,5,87,90,50 - 99,[01] 1 día,30,Valid,[07] 3:31 a 4:00,1,3,MISC,215,0,493,1,2880,30,24/04/2014 00:46:05,2014-04-22 21:14:10,99115,1,2,2,2,2327,96,u6jSKLtmYdM
5,58,46,5,93,93,300 - 349,[01] 1 día,29.8125,Valid,[02] 1:01 a 1:30,1,3,MISC,65,1,495,6,9540,30,24/04/2014 22:23:59,2014-04-23 08:55:41,134898,6,8,8,8,2339,320,-K-zDK4wrI4
5,52,43,5,76,72,50 - 99,[03] 3 días,29.666666667,Valid,[03] 1:31 a 2:00,1,3,CINE,94,0,498,1,2670,30,28/04/2014 15:46:48,2014-04-25 15:23:54,260574,2,2,2,2,2349,90,Ys-mbHXyWX4
5,45,28,5,75,65,450 - 499,[04] 4 días,60,Valid,[03] 1:31 a 2:00,1,3,MISC,104,9,511,7,28140,60,30/04/2014 15:56:47,2014-04-25 15:58:45,431882,5,16,9,17,2353,469,MFXOs0lHRys
5,45,27,5,75,65,250 - 299,[01] 1 día,29.555555556,Valid,[05] 2:31 a 3:00,1,3,MISC,153,1,512,1,7980,30,30/04/2014 17:16:50,2014-04-29 15:54:33,91337,3,3,3,3,2353,270,B8Nn_FCYFSI
5,46,27,5,76,65,50 - 99,[08] 2 semanas,30,Valid,[07] 3:31 a 4:00,1,5,IDEAS,236,1,514,1,1620,30,30/04/2014 23:17:37,2014-04-22 11:46:30,732667,1,3,2,3,2354,54,Qlqe1DXnJKQ
5,46,27,5,75,64,150 - 199,[02] 2 días,30,Valid,[03] 1:31 a 2:00,1,5,IDEAS,116,4,516,2,5490,30,01/05/2014 00:12:32,2014-04-28 22:19:24,179588,1,7,3,7,2354,183,nTYx-LVjHsc
5,46,27,5,75,64,0 - 49,[08] 2 semanas,30,Valid,[09] 4:31 a 5:00,1,5,MISC,293,0,517,2,510,30,01/05/2014 00:27:40,2014-04-22 16:59:54,718066,1,3,3,3,2354,17,P8Ihpgo1hzw
5,25,9,5,67,55,0 - 49,[02] 2 días,30,Valid,[06] 3:01 a 3:30,1,5,MISC,203,0,521,1,120,30,04/05/2014 20:55:39,2014-05-02 11:56:08,205171,2,2,2,2,2357,4,BayJQeTbULY
5,27,10,5,66,53,0 - 49,[04] 4 días,50,Valid,[04] 2:01 a 2:30,1,5,IDEAS,121,2,523,1,1050,50,05/05/2014 13:45:51,2014-05-01 04:59:28,377183,2,4,2,4,2359,21,qYTif9F188E
5,23,9,5,60,45,50 - 99,[01] 1 día,30,Valid,[06] 3:01 a 3:30,1,5,M,195,3,533,2,1500,30,06/05/2014 20:57:16,2014-05-05 17:36:31,98445,3,6,6,6,2361,50,_Q6NqX2bxtA
5,21,8,5,57,36,0 - 49,[01] 1 día,50,Valid,[04] 2:01 a 2:30,1,5,MISC,144,5,535,4,1700,50,07/05/2014 15:52:56,2014-05-06 05:39:58,123178,2,9,7,10,2361,34,sj4A6g2GP30
4,28,14,4,50,27,800 - 849,[02] 2 días,29.5875,Valid,[01] 31 a 60s,1,4,DEPORTES,44,2,543,3,23670,30,09/05/2014 17:49:22,2014-05-06 18:45:13,255849,3,6,6,6,2370,800,jOlVJv7jAHg
4,36,18,4,52,27,0 - 49,[08] 2 semanas,30,Valid,[05] 2:31 a 3:00,1,4,M,179,2,545,1,930,30,10/05/2014 19:39:07,2014-05-01 14:55:19,794628,1,4,4,4,2374,31,DePFiF-nNoE
4,35,15,4,50,25,0 - 49,[02] 2 días,50,Valid,[05] 2:31 a 3:00,1,4,DEPORTES,164,4,546,5,1950,50,12/05/2014 00:18:29,2014-05-09 16:00:06,202703,4,10,7,10,2374,39,a0Xn0txuaDw
4,35,15,4,50,25,0 - 49,[03] 3 días,30,Valid,[05] 2:31 a 3:00,1,4,IDEAS,157,1,547,1,1170,30,12/05/2014 00:39:52,2014-05-08 22:04:25,268527,3,3,3,3,2374,39,LTIpdtv_AK8
4,35,16,4,49,26,0 - 49,[01] 1 día,30,Valid,[03] 1:31 a 2:00,1,4,MISC,111,0,549,1,930,30,12/05/2014 14:12:54,2014-05-10 17:41:09,160305,2,2,2,2,2375,31,w1m51I95PSI
4,35,16,4,49,26,0 - 49,[12] 6 semanas,30,Valid,[06] 3:01 a 3:30,1,4,IDEAS,185,1,550,1,1050,30,12/05/2014 14:31:12,2014-04-01 16:33:42,3535050,2,3,2,3,2375,35,hlp1gf4uRGE
4,35,16,4,49,26,1650 - 1699,[05] 5 días,29.911137441,Valid,[05] 2:31 a 3:00,1,4,MISC,179,8,551,2,50490,30,12/05/2014 15:26:30,2014-05-06 17:13:04,512006,5,11,11,11,2375,1688,VTlXttQL_Yk
4,35,16,8,49,26,0 - 49,[02] 2 días,30,Valid,[10] 5:01 a 5:30,1,4,MISC,314,0,552,1,720,30,12/05/2014 16:25:42,2014-05-09 21:31:10,240872,2,2,2,2,2375,24,t1GO-93Nt3c
4,35,21,8,46,30,0 - 49,[08] 2 semanas,30,Valid,[06] 3:01 a 3:30,1,4,CINE,185,2,557,4,810,30,14/05/2014 19:26:51,2014-05-06 17:21:18,698733,4,7,5,7,2383,27,0BYovvLhy7A
3,32,17,7,44,30,0 - 49,[01] 1 día,30,Valid,[09] 4:31 a 5:00,1,3,MISC,295,1,562,2,1110,30,15/05/2014 17:09:53,2014-05-14 01:33:29,142584,4,4,4,4,2384,37,3JdT4fDi4iI
3,27,13,7,46,28,0 - 49,[04] 4 días,30,Valid,[04] 2:01 a 2:30,1,3,MISC,146,0,567,1,390,30,16/05/2014 20:24:52,2014-05-12 11:01:52,379380,2,2,2,2,2384,13,OpnoOmQwyP0
3,25,10,7,45,28,0 - 49,[02] 2 días,30,Valid,[04] 2:01 a 2:30,1,3,MISC,133,0,568,1,660,30,17/05/2014 02:12:33,2014-05-14 10:53:01,227972,1,2,2,2,2384,22,fYfhFpCG0ok
3,25,10,7,45,28,50 - 99,[01] 1 día,80,Valid,[08] 4:01 a 4:30,1,3,VIDEOJUEGOS,259,9,569,9,7040,80,17/05/2014 02:52:30,2014-05-15 13:09:11,135799,4,19,18,19,2384,88,NijhhheF8xc
3,25,11,7,46,28,0 - 49,[02] 2 días,30,Valid,[05] 2:31 a 3:00,1,3,MISC,160,0,570,3,270,30,18/05/2014 00:12:55,2014-05-15 18:49:56,192179,2,4,4,4,2385,9,V5teyjPeVco
3,27,14,7,48,31,0 - 49,[01] 1 día,30,Valid,[01] 31 a 60s,1,3,MISC,36,1,571,2,900,30,18/05/2014 16:46:29,2014-05-16 22:32:16,152053,4,4,4,4,2388,30,Lj6iM_HaTCg
3,29,13,7,49,29,150 - 199,[02] 2 días,60,Valid,[05] 2:31 a 3:00,1,3,DEPORTES,165,0,572,10,11100,60,19/05/2014 03:22:24,2014-05-16 13:00:05,224539,7,11,10,11,2388,185,TVgpw0AXzcA
7,32,16,7,50,31,50 - 99,[08] 2 semanas,30,Valid,[05] 2:31 a 3:00,1,3,MISC,170,1,576,5,1500,30,19/05/2014 18:29:19,2014-05-09 15:59:59,872960,5,7,7,7,2391,50,JpyR-Ym7Hck
7,34,17,7,51,31,0 - 49,[01] 1 día,30,Valid,[04] 2:01 a 2:30,1,3,MISC,134,0,577,3,330,30,20/05/2014 02:13:32,2014-05-18 12:19:14,136458,2,4,4,4,2392,11,TuS1nc5WyZ0
7,31,11,7,47,32,0 - 49,[02] 2 días,30,Valid,[07] 3:31 a 4:00,1,3,M,238,0,581,2,1200,30,21/05/2014 20:00:03,2014-05-19 13:01:00,197943,2,3,3,3,2394,40,jDRTghGZ7XU
6,33,14,6,48,34,50 - 99,[02] 2 días,60,Valid,[05] 2:31 a 3:00,1,2,DEPORTES,162,5,583,6,3360,60,22/05/2014 00:36:08,2014-05-19 09:28:04,227284,3,11,9,12,2397,56,JbYXJd3pRdY
6,32,14,6,49,33,100 - 149,[04] 4 días,30,Valid,[04] 2:01 a 2:30,1,2,MISC,145,2,585,1,4260,30,22/05/2014 13:50:48,2014-05-17 20:10:23,409225,2,4,4,4,2397,142,eqzUI5t9qJ4
6,32,14,6,49,33,50 - 99,[01] 1 día,70,Valid,[04] 2:01 a 2:30,1,2,VIDEOJUEGOS,137,5,586,8,6370,70,22/05/2014 14:15:17,2014-05-21 13:00:05,90912,6,14,10,14,2397,91,dxa34RatmSc
6,32,14,6,49,33,200 - 249,[01] 1 día,30,Valid,[06] 3:01 a 3:30,1,2,M,199,0,587,2,6690,30,22/05/2014 14:55:23,2014-05-21 07:07:50,114453,2,3,3,3,2397,223,jZTCtpZyulM
6,32,14,6,47,31,0 - 49,[03] 3 días,30,Valid,[13] 6:31 a 7:00,1,2,IDEAS,420,2,591,1,540,30,22/05/2014 19:45:02,2014-05-19 04:06:48,315494,1,5,3,5,2398,18,qlTA3rnpgzU
6,32,14,6,47,31,50 - 99,[01] 1 día,30,Valid,[06] 3:01 a 3:30,1,2,MISC,184,1,592,1,1650,30,22/05/2014 20:16:09,2014-05-21 08:03:13,130376,1,3,3,3,2398,55,MVyRLHjfim8
6,33,15,6,47,32,0 - 49,[02] 2 días,30,Valid,[06] 3:01 a 3:30,1,2,VIDEOJUEGOS,200,2,594,4,840,30,23/05/2014 04:17:28,2014-05-20 19:17:44,205184,2,6,6,7,2399,28,UIkkiyGKfA0
6,33,15,6,45,29,100 - 149,[19] 13 semanas,30,Valid,[01] 31 a 60s,1,2,MISC,60,1,598,1,3540,30,23/05/2014 17:05:03,2014-02-23 20:23:28,7677695,1,3,3,3,2399,118,jHokcSkXcQk
6,34,15,6,42,25,0 - 49,[08] 2 semanas,30,Valid,[08] 4:01 a 4:30,1,2,VIAJES,265,0,599,1,150,30,24/05/2014 02:55:18,2014-05-14 18:11:33,809025,1,2,2,2,2399,5,o_24LPjOIHI
6,34,15,6,42,25,0 - 49,[01] 1 día,30,Valid,[05] 2:31 a 3:00,1,2,MISC,163,2,600,1,480,30,24/05/2014 03:19:37,2014-05-23 01:16:43,93774,2,4,4,4,2399,16,gpum4nK2wOM
6,34,15,6,42,25,0 - 49,[01] 1 día,30,Valid,[03] 1:31 a 2:00,1,2,MISC,111,1,601,3,1230,30,24/05/2014 03:41:18,2014-05-22 19:20:58,116420,2,5,5,5,2399,41,u3PgH86OyEM
6,33,10,6,48,27,0 - 49,[01] 1 día,60,Valid,[04] 2:01 a 2:30,1,6,MISC,123,2,604,6,2880,60,26/05/2014 23:54:52,2014-05-25 13:00:04,125688,4,9,7,10,2402,48,i0U7aq5EjfQ
6,34,12,6,49,28,0 - 49,[02] 2 días,60,Valid,[02] 1:01 a 1:30,1,6,DEPORTES,75,3,606,5,2880,60,27/05/2014 03:16:43,2014-05-24 07:57:17,242366,4,9,9,9,2404,48,jR1XQsCiAKE
6,40,15,6,51,25,350 - 399,[01] 1 día,30,Valid,[04] 2:01 a 2:30,1,6,MISC,142,3,616,3,11670,30,28/05/2014 19:07:55,2014-05-26 23:12:21,158134,4,7,7,7,2408,389,C5N0MDF1CYQ
5,37,18,5,57,30,50 - 99,[01] 1 día,30,Valid,[01] 31 a 60s,1,5,MISC,51,0,620,3,2760,30,03/06/2014 15:57:51,2014-06-02 14:10:54,92817,4,4,4,4,2422,92,UvZTGtWW8_I
5,35,16,5,57,31,0 - 49,[03] 3 días,50,Valid,[04] 2:01 a 2:30,1,5,DEPORTES,126,3,624,5,1800,50,04/06/2014 14:46:36,2014-06-01 13:00:06,265590,3,9,8,11,2423,36,XcAu_TVyuAk
5,35,16,5,57,31,5350 - 5399,[02] 2 días,25.051890289,Valid,[01] 31 a 60s,1,5,MISC,60,0,625,4,135180,30,04/06/2014 15:02:13,2014-06-02 11:53:02,184151,4,5,5,5,2423,5396,ECs8ZrmH8D8
4,30,16,4,57,29,100 - 149,[01] 1 día,29.736842105,Valid,[07] 3:31 a 4:00,1,4,DEPORTES,233,0,626,4,3390,30,05/06/2014 01:22:00,2014-06-03 11:00:04,138116,5,5,5,5,2426,114,WhQovX1zP2E
4,28,12,4,56,29,0 - 49,[09] 3 semanas,30,Valid,[01] 31 a 60s,1,4,IDEAS,46,2,630,3,330,30,05/06/2014 23:39:19,2014-05-15 19:02:20,1831019,2,5,3,6,2427,11,wwBO4PU9EXI
4,29,12,4,56,29,0 - 49,[07] 1 semana,30,Valid,[02] 1:01 a 1:30,1,4,MISC,83,1,631,3,810,30,06/06/2014 01:00:38,2014-05-29 17:31:01,631777,5,5,5,5,2427,27,_TxV4dkRi8M
4,30,11,4,55,28,0 - 49,[01] 1 día,30,Valid,[05] 2:31 a 3:00,1,4,IDEAS,165,0,632,2,810,30,06/06/2014 13:54:39,2014-06-04 19:22:22,153137,2,4,3,4,2427,27,1gMMM62NC-4
4,31,13,4,54,30,0 - 49,[01] 1 día,40,Valid,[01] 31 a 60s,1,4,MISC,59,0,635,2,1000,40,08/06/2014 06:12:18,2014-06-06 10:36:03,156975,1,3,2,3,2430,25,_3u_14CXSDg
4,29,8,4,50,25,950 - 999,[01] 1 día,28.402922756,Valid,[16] 8:01 a 8:30,1,4,DEPORTES,499,0,648,9,27210,30,11/06/2014 18:55:44,2014-06-10 18:30:01,87943,4,11,6,11,2433,958,igp9sJkuAnU
3,30,11,3,47,27,0 - 49,[02] 2 días,30,Valid,[06] 3:01 a 3:30,1,3,MISC,192,1,650,1,1470,30,12/06/2014 01:16:54,2014-06-09 08:32:34,233060,2,3,3,3,2437,49,Z0K1qNd2eW4
3,30,10,3,46,27,3750 - 3799,[04] 4 días,26.410459588,Valid,[03] 1:31 a 2:00,1,3,DEPORTES,120,0,651,5,99990,30,12/06/2014 13:57:49,2014-06-08 05:30:06,376063,3,6,6,6,2437,3786,Gk4vnVsx2wc
3,33,15,8,48,29,0 - 49,[05] 5 días,30,Valid,[07] 3:31 a 4:00,1,3,M,234,1,658,2,1050,30,16/06/2014 16:13:05,2014-06-11 02:26:04,481621,4,5,5,5,2447,35,FTByHbjgz8k
2,30,21,7,48,32,700 - 749,[08] 2 semanas,29.958734525,Valid,[07] 3:31 a 4:00,1,2,IDEAS,236,0,667,2,21780,30,20/06/2014 13:41:26,2014-06-11 09:39:46,792100,3,3,3,3,2459,727,hQeeJEpBYsg
2,30,24,7,50,36,150 - 199,[01] 1 día,39.764705882,Valid,[05] 2:31 a 3:00,1,2,MISC,170,8,669,8,6760,40,22/06/2014 17:14:59,2014-06-21 13:00:04,101695,4,16,10,17,2466,170,hYM4ndcV4Uo
2,30,24,7,50,36,0 - 49,[03] 3 días,30,Valid,[07] 3:31 a 4:00,1,2,MISC,214,0,670,1,750,30,22/06/2014 17:36:13,2014-06-19 13:44:07,273126,2,2,2,2,2466,25,EuBiaRO8QOk
2,30,24,7,50,36,50 - 99,[05] 5 días,29.696969697,Valid,[02] 1:01 a 1:30,1,2,MISC,61,0,671,1,2940,30,22/06/2014 18:00:06,2014-06-17 10:39:02,458464,2,2,2,2,2466,99,MD8BkIgp9Fo
2,30,23,7,50,36,50 - 99,[06] 6 días,30,Valid,[06] 3:01 a 3:30,1,2,MISC,188,0,672,1,2160,30,23/06/2014 02:38:32,2014-06-16 12:57:14,567678,2,2,2,2,2466,72,PadCPWsPKRQ
7,23,12,7,47,34,850 - 899,[10] 4 semanas,29.965675057,Valid,[05] 2:31 a 3:00,1,2,MISC,156,1,675,3,26190,30,25/06/2014 13:39:23,2014-06-02 09:59:34,2000389,4,5,5,5,2467,874,QxVZYiJKl1Y
7,25,13,7,49,35,100 - 149,[01] 1 día,30,Valid,[02] 1:01 a 1:30,1,2,MISC,84,2,676,1,3300,30,25/06/2014 15:09:42,2014-06-24 07:54:18,112524,3,4,4,4,2468,110,2EoQCtPR2-I
6,27,13,6,48,31,0 - 49,[09] 3 semanas,30,Valid,[07] 3:31 a 4:00,1,1,M,232,0,678,2,270,30,26/06/2014 03:50:03,2014-06-10 18:00:04,1331399,2,3,2,3,2468,9,tncJIHP39_E
6,23,13,6,45,33,0 - 49,[10] 4 semanas,30,Valid,[08] 4:01 a 4:30,1,1,VIAJES,253,0,681,1,90,30,27/06/2014 03:18:57,2014-06-03 03:17:38,2073679,1,3,3,3,2471,3,Yo4F8cTPpnc
6,23,7,6,44,30,0 - 49,[02] 2 días,30,Valid,[05] 2:31 a 3:00,1,1,CINE,156,0,682,2,450,30,29/06/2014 21:50:15,2014-06-27 16:23:38,192397,1,3,3,3,2473,15,VF7__i0akGo
6,21,8,6,41,28,350 - 399,[04] 4 días,30,Valid,[02] 1:01 a 1:30,1,1,DEPORTES,77,0,683,4,10620,30,30/06/2014 14:59:56,2014-06-25 16:55:56,425040,3,5,5,5,2474,354,AqfQInqoork
6,21,6,6,37,19,250 - 299,[01] 1 día,30,Valid,[00] 0 a 30s,1,6,MISC,23,1,687,1,7860,30,02/07/2014 18:51:41,2014-06-30 20:56:25,165316,3,3,3,3,2474,262,Eu1klHizoDM
5,22,7,5,39,20,50 - 99,[01] 1 día,30,Valid,[03] 1:31 a 2:00,1,5,MISC,98,0,690,2,2550,30,03/07/2014 02:41:28,2014-07-01 14:06:32,131696,3,3,3,3,2475,85,NG-uY2wze2Y
5,22,8,5,39,21,600 - 649,[08] 2 semanas,29.951845907,Valid,[05] 2:31 a 3:00,1,5,MISC,177,0,691,3,18660,30,03/07/2014 03:01:39,2014-06-19 21:47:45,1142034,4,4,4,4,2476,623,sXk2AbdTe68
5,25,9,5,40,22,0 - 49,[10] 4 semanas,30,Valid,[05] 2:31 a 3:00,1,5,MISC,177,1,692,1,390,30,03/07/2014 23:58:52,2014-06-10 06:04:15,2051677,1,3,3,3,2479,13,VSSPvC86GJ4
5,24,10,5,35,20,0 - 49,[02] 2 días,30,Valid,[06] 3:01 a 3:30,1,5,MISC,188,0,695,1,1110,30,04/07/2014 17:26:45,2014-07-02 17:13:49,173576,1,2,2,2,2481,37,uXOdL7YJRNs
4,25,14,4,37,22,600 - 649,[01] 1 día,29.859594384,Valid,[04] 2:01 a 2:30,1,4,MISC,137,0,696,2,19140,30,07/07/2014 13:31:44,2014-07-06 09:59:23,99141,2,3,3,3,2488,641,1N5THRSp4hM
4,25,14,4,37,22,0 - 49,[04] 4 días,30,Valid,[02] 1:01 a 1:30,1,4,MISC,74,1,697,3,900,30,07/07/2014 14:49:15,2014-07-02 21:10:39,409116,4,5,5,5,2488,30,Snph22qSUMU
4,24,14,4,37,22,0 - 49,[05] 5 días,30,Valid,[09] 4:31 a 5:00,1,4,MISC,272,0,698,1,1200,30,07/07/2014 19:11:39,2014-07-02 18:38:09,434010,1,2,2,2,2488,40,hyXJeus-wm4
4,25,14,4,38,22,100 - 149,[01] 1 día,30,Valid,[14] 7:01 a 7:30,1,4,MISC,436,1,699,2,3690,30,07/07/2014 19:28:22,2014-07-06 19:00:08,88094,3,4,4,4,2488,123,0pCp8g-VjOs
4,27,19,4,41,27,0 - 49,[01] 1 día,30,Valid,[04] 2:01 a 2:30,1,4,VIAJES,130,0,701,1,360,30,08/07/2014 15:04:52,2014-07-07 09:00:47,108245,1,2,2,2,2493,12,BHjJV2LwkzA
4,28,23,4,41,30,50 - 99,[01] 1 día,30,Valid,[06] 3:01 a 3:30,1,4,DEPORTES,188,0,705,2,1950,30,09/07/2014 13:36:14,2014-07-08 07:36:59,107955,3,4,4,4,2497,65,YY6IMLOuaSo
3,22,20,3,40,30,350 - 399,[02] 2 días,30,Valid,[06] 3:01 a 3:30,1,3,MISC,198,1,707,1,11910,30,10/07/2014 22:13:11,2014-07-08 21:43:14,174597,2,4,4,4,2499,397,XvxIdkhsoqU
3,22,19,3,38,28,100 - 149,[05] 5 días,30,Valid,[03] 1:31 a 2:00,1,3,IDEAS,97,0,708,2,3990,30,11/07/2014 04:21:10,2014-07-05 15:07:45,479605,2,3,3,3,2499,133,oBkqfiN6zJM
3,23,17,3,41,30,0 - 49,[01] 1 día,30.357142857,Valid,[02] 1:01 a 1:30,1,3,DEPORTES,87,2,709,4,850,50,12/07/2014 17:11:57,2014-07-11 15:08:18,93819,1,6,3,7,2501,28,nnL_8H22NuA
3,18,15,3,38,35,0 - 49,[01] 1 día,30,Valid,[02] 1:01 a 1:30,1,3,IDEAS,67,0,711,1,270,30,15/07/2014 15:21:49,2014-07-14 05:14:43,122826,1,2,2,2,2509,9,BJj7Km7Raks
3,17,12,3,39,35,0 - 49,[01] 1 día,30,Valid,[02] 1:01 a 1:30,1,3,MISC,89,1,714,2,540,30,15/07/2014 18:48:25,2014-07-14 11:12:31,113754,1,4,4,4,2509,18,B2dD6Z7Hvjk
3,16,12,3,38,35,150 - 199,[01] 1 día,30,Valid,[03] 1:31 a 2:00,1,3,MISC,115,1,715,2,5280,30,15/07/2014 22:40:30,2014-07-14 10:00:13,132017,1,4,4,4,2509,176,TbYRDHNnDNc
2,15,15,9,33,38,0 - 49,[02] 2 días,30,Valid,[08] 4:01 a 4:30,1,2,MISC,265,0,716,2,300,30,17/07/2014 18:39:12,2014-07-15 00:03:57,239715,2,3,3,3,2514,10,iZw_LySNNzM
2,15,30,9,27,45,0 - 49,[04] 4 días,30,Valid,[04] 2:01 a 2:30,1,2,MISC,138,0,719,1,1110,30,22/07/2014 04:24:38,2014-07-18 03:38:03,348395,1,2,2,2,2537,37,JjEsWj369rc
2,13,28,9,25,40,0 - 49,[02] 2 días,30,Valid,[03] 1:31 a 2:00,1,2,MISC,117,0,721,1,720,30,22/07/2014 20:40:48,2014-07-20 07:14:23,221185,1,2,2,2,2537,24,iRmrQGHhdCM
2,13,28,9,25,40,50 - 99,[02] 2 días,30,Valid,[04] 2:01 a 2:30,1,2,DEPORTES,125,1,723,1,1650,30,22/07/2014 21:41:55,2014-07-20 08:58:57,218578,2,3,3,3,2537,55,xOisF2bEleA
8,16,27,8,26,43,0 - 49,[01] 1 día,60,Valid,[02] 1:01 a 1:30,1,1,MISC,84,6,728,3,840,60,24/07/2014 13:36:28,2014-07-22 15:22:38,166430,1,9,5,11,2541,14,aDCx0PeVOTo
8,16,27,8,26,43,0 - 49,[08] 2 semanas,30,Valid,[06] 3:01 a 3:30,1,1,IDEAS,194,1,729,2,90,30,24/07/2014 14:38:00,2014-07-16 12:46:38,697882,1,4,4,5,2541,3,3N1Q8oFpX1Y
8,18,30,8,28,46,0 - 49,[03] 3 días,30,Valid,[04] 2:01 a 2:30,1,1,IDEAS,135,0,733,2,150,30,25/07/2014 14:10:22,2014-07-22 05:18:36,291106,3,4,4,4,2546,5,BBiRLYu8Wjo
8,23,25,8,32,54,50 - 99,[08] 2 semanas,30,Valid,[11] 5:31 a 6:00,1,1,MISC,335,1,740,1,2460,30,28/07/2014 21:05:03,2014-07-14 10:58:02,1246021,1,5,4,5,2561,82,O4Girrb66lY
8,26,27,8,37,55,0 - 49,[02] 2 días,30,Valid,[07] 3:31 a 4:00,1,8,MISC,212,0,744,1,990,30,31/07/2014 18:24:21,2014-07-28 21:56:46,246455,2,3,3,3,2569,33,sOpuSRj7IN4
8,26,27,8,37,55,50 - 99,[02] 2 días,30,Valid,[03] 1:31 a 2:00,1,8,MISC,106,0,745,1,2010,30,31/07/2014 18:46:14,2014-07-29 13:09:51,192983,2,3,3,3,2569,67,jIXwQVFt8Ho
8,26,26,8,37,54,700 - 749,[12] 6 semanas,29.836065574,Valid,[04] 2:01 a 2:30,1,8,MISC,133,0,747,1,21840,30,31/07/2014 19:58:51,2014-06-22 00:02:45,3441366,2,3,3,3,2569,732,gJ_3BN0m7S8
8,23,24,8,37,47,0 - 49,[05] 5 días,27.692307692,Valid,[13] 6:31 a 7:00,1,8,MISC,399,0,749,0,360,30,04/08/2014 03:24:27,2014-07-29 09:52:17,495130,1,1,1,1,2577,13,4u5VQlBENB8
8,22,16,8,36,40,700 - 749,[01] 1 día,29.742857143,Valid,[08] 4:01 a 4:30,1,8,MISC,255,3,750,0,20820,30,05/08/2014 03:26:46,2014-08-03 22:05:00,105706,4,4,4,4,2577,700,qs_-emj1qR4
8,11,8,8,31,36,700 - 749,[02] 2 días,29.919786096,Valid,[07] 3:31 a 4:00,1,8,MISC,231,1,758,0,22380,30,08/08/2014 16:03:31,2014-08-06 04:44:49,213522,1,2,2,2,2583,748,W9QMM_nTuC4
8,10,10,8,28,36,0 - 49,[01] 1 día,30,Valid,[03] 1:31 a 2:00,1,8,MISC,105,0,760,0,870,30,10/08/2014 14:59:27,2014-08-08 20:00:34,154733,1,1,1,1,2587,29,9Db6JZHh0SA
8,10,11,8,28,35,0 - 49,[04] 4 días,50,Valid,[07] 3:31 a 4:00,1,8,DEPORTES,212,4,762,0,950,50,11/08/2014 04:30:27,2014-08-06 13:00:08,401419,1,5,3,5,2588,19,HgQPyU3J0P0
8,10,11,8,27,30,50 - 99,[01] 1 día,30,Valid,[20] 10:01 o más,1,8,M,606,0,763,0,2550,30,11/08/2014 18:40:10,2014-08-10 07:26:36,126814,1,1,1,1,2588,85,-0gED3rn2Tc
8,7,11,8,25,27,50 - 99,[01] 1 día,48.214285714,Valid,[02] 1:01 a 1:30,1,8,MISC,82,4,764,3,2700,50,12/08/2014 05:03:43,2014-08-10 13:00:07,144216,1,6,1,9,2588,56,ygIgJnGUdeQ
8,5,9,8,20,21,0 - 49,[03] 3 días,30,Valid,[03] 1:31 a 2:00,1,8,MISC,101,0,766,0,60,30,14/08/2014 13:51:48,2014-08-11 11:34:55,267413,1,1,1,1,2589,2,uDJEyAVZM80
8,5,7,8,13,15,0 - 49,[04] 4 días,30,Valid,[01] 31 a 60s,1,8,DEPORTES,37,0,768,0,210,30,15/08/2014 16:46:19,2014-08-11 13:46:46,356373,1,1,1,1,2590,7,u2YhDQtncK8
8,5,8,8,13,16,0 - 49,[01] 1 día,30,Valid,[04] 2:01 a 2:30,1,8,MISC,135,0,769,0,390,30,15/08/2014 18:47:11,2014-08-14 09:00:10,121621,1,1,1,1,2591,13,OEcVusYl3y0
8,5,8,8,13,16,0 - 49,[07] 1 semana,30,Valid,[04] 2:01 a 2:30,1,8,DEPORTES,123,1,770,2,300,30,15/08/2014 19:02:47,2014-08-08 07:11:38,647469,1,4,3,4,2591,10,iCmGj9VbYE4
8,5,7,8,11,18,0 - 49,[02] 2 días,30,Valid,[07] 3:31 a 4:00,1,8,VIAJES,218,0,775,0,90,30,19/08/2014 16:56:34,2014-08-17 15:58:42,176272,1,1,1,1,2595,3,vFROAAtdFWE
8,6,7,8,10,15,50 - 99,[01] 1 día,30,Valid,[02] 1:01 a 1:30,1,8,MISC,73,1,778,0,2790,30,21/08/2014 20:29:23,2014-08-20 04:30:15,143948,2,2,2,2,2596,93,P7aRR86VfTY
7,9,3,7,11,9,0 - 49,[03] 3 días,30,Valid,[04] 2:01 a 2:30,1,7,CINE,146,0,779,1,1080,30,24/08/2014 20:19:02,2014-08-20 21:13:22,342340,1,1,1,2,2597,36,zHg8lKk3vJo
7,9,3,7,11,9,0 - 49,[03] 3 días,30,Valid,[01] 31 a 60s,1,7,IDEAS,45,0,780,0,1050,30,24/08/2014 20:38:23,2014-08-21 19:10:43,264460,1,1,1,1,2597,35,dTQjchn1KHE
7,9,4,7,11,10,0 - 49,[03] 3 días,30,Valid,[00] 0 a 30s,1,7,MISC,19,0,781,0,1260,30,25/08/2014 14:06:21,2014-08-21 16:40:31,336350,1,1,1,1,2598,42,82SDk1kInvI
7,10,5,7,12,11,0 - 49,[01] 1 día,30,Valid,[05] 2:31 a 3:00,1,7,MISC,166,0,783,0,480,30,25/08/2014 16:53:26,2014-08-24 13:48:12,97514,1,1,1,1,2599,16,PHjvySrshVI
7,9,6,7,11,12,200 - 249,[03] 3 días,17.160493827,Valid,[00] 0 a 30s,1,7,MISC,16,1,785,2,4170,30,26/08/2014 02:15:57,2014-08-22 10:56:13,314384,1,4,4,4,2600,243,6w4Gqt-ljb4
0,6,7,0,12,14,0 - 49,[02] 2 días,30,Valid,[02] 1:01 a 1:30,1,0,MISC,61,0,794,0,630,30,03/09/2014 18:17:41,2014-09-01 16:04:52,180769,1,1,1,1,2609,21,PZ4pctQMdg4
0,5,7,0,12,14,0 - 49,[01] 1 día,50,Valid,[05] 2:31 a 3:00,1,0,DEPORTES,170,1,795,3,1050,50,03/09/2014 18:46:55,2014-09-02 13:00:05,107210,1,5,2,5,2609,21,OAlZvICQXRM
0,5,7,0,12,14,150 - 199,[02] 2 días,30,Valid,[01] 31 a 60s,1,0,MISC,36,0,796,1,5670,30,03/09/2014 23:41:33,2014-09-01 13:46:07,208526,1,2,2,2,2609,189,UowkIRSDHfs
0,4,5,0,11,13,22750 - 22799,[08] 2 semanas,4.389762051,Valid,[01] 31 a 60s,1,0,MISC,46,1,799,0,99990,30,05/09/2014 00:10:42,2014-08-27 10:03:36,742026,1,3,3,3,2609,22778,Hjy6ie16z3s
0,4,4,0,10,14,2700 - 2749,[01] 1 día,29.900184843,Valid,[05] 2:31 a 3:00,1,0,MISC,163,2,801,0,80880,30,05/09/2014 22:46:21,2014-09-04 20:05:12,96069,2,4,4,4,2610,2705,BAdFvTo9874
0,9,10,0,14,20,50 - 99,[03] 3 días,29.6875,Valid,[03] 1:31 a 2:00,1,0,DEPORTES,97,1,803,0,2850,30,07/09/2014 19:22:24,2014-09-04 10:04:18,292686,1,2,1,2,2617,96,R0EeAnZBGtM
0,15,21,0,19,30,50 - 99,[05] 5 días,29.571428571,Valid,[05] 2:31 a 3:00,1,0,DEPORTES,171,1,808,2,2070,30,09/09/2014 04:35:16,2014-09-03 19:00:10,466506,2,4,2,4,2630,70,5rd_WwD_aOQ
0,19,29,0,22,36,0 - 49,[15] 9 semanas,30,Valid,[04] 2:01 a 2:30,1,0,IDEAS,121,0,814,0,960,30,11/09/2014 13:06:05,2014-07-10 05:23:18,5470967,1,1,1,1,2638,32,4nCIzPuLYJA
0,20,35,0,22,39,50 - 99,[04] 4 días,30,Valid,[11] 5:31 a 6:00,1,0,DEPORTES,352,0,815,0,2400,30,12/09/2014 03:50:05,2014-09-07 15:43:38,389187,1,1,1,1,2644,80,ygT4bGJkerk
0,15,32,0,24,44,0 - 49,[02] 2 días,40,Valid,[03] 1:31 a 2:00,1,0,DEPORTES,108,0,817,2,1200,40,14/09/2014 22:55:19,2014-09-12 13:00:09,208510,1,3,2,3,2652,30,GHO_5sZUes0
0,14,31,0,24,44,50 - 99,[11] 5 semanas,29.638554217,Valid,[03] 1:31 a 2:00,1,0,IDEAS,116,4,818,0,2460,30,14/09/2014 23:30:11,2014-08-14 10:17:30,2725961,2,4,2,5,2652,83,SB_0vRnkeOk
0,14,30,0,24,44,0 - 49,[12] 6 semanas,30,Valid,[02] 1:01 a 1:30,1,0,IDEAS,90,0,819,1,510,30,15/09/2014 00:01:41,2014-08-06 10:21:54,3418787,1,2,1,2,2652,17,DXnSTl2j33w
0,9,21,0,24,43,100 - 149,[11] 5 semanas,30,Valid,[04] 2:01 a 2:30,1,0,MISC,141,0,820,0,3840,30,16/09/2014 17:42:07,2014-08-12 21:21:03,3010864,1,1,1,1,2652,128,PH_Z8Ghuq6E
0,9,21,0,24,43,2450 - 2499,[01] 1 día,29.722891566,Valid,[04] 2:01 a 2:30,1,0,MISC,121,2,821,0,74010,30,16/09/2014 18:20:49,2014-09-15 08:40:47,121202,2,3,3,3,2652,2490,Xbs6eMxa5ds
0,9,21,0,25,46,2950 - 2999,[01] 1 día,29.205497821,Valid,[06] 3:01 a 3:30,1,0,MISC,196,0,822,1,87120,30,17/09/2014 12:34:17,2014-09-16 09:20:07,98050,2,2,2,2,2655,2983,Iudb0amH0sY
0,8,20,0,25,51,400 - 449,[07] 1 semana,29.779411765,Valid,[02] 1:01 a 1:30,1,0,VIAJES,62,0,824,0,12150,30,18/09/2014 17:12:48,2014-09-11 13:44:04,617324,1,1,1,1,2660,408,Wd-T_YTfxDs
0,7,14,0,25,52,0 - 49,[01] 1 día,35.789473684,Valid,[03] 1:31 a 2:00,1,0,MISC,97,0,826,1,680,40,19/09/2014 15:36:47,2014-09-18 13:00:08,95799,1,2,1,2,2661,19,LH_1c8zR-Sk
0,5,9,0,16,34,2350 - 2399,[02] 2 días,29.786253143,Valid,[07] 3:31 a 4:00,1,0,MISC,218,0,827,0,71070,30,22/09/2014 23:15:31,2014-09-20 01:09:02,252389,1,1,1,1,2661,2386,0UjmqErytJc
0,6,9,0,15,33,100 - 149,[05] 5 días,29.772727273,Valid,[04] 2:01 a 2:30,1,0,M,148,0,829,0,3930,30,23/09/2014 01:49:36,2014-09-17 07:57:47,496309,1,1,1,1,2661,132,RC_0NzJ2mWA
0,5,8,0,13,29,0 - 49,[01] 1 día,30,Valid,[03] 1:31 a 2:00,1,0,MISC,104,0,830,1,870,30,24/09/2014 14:25:06,2014-09-23 13:59:20,87946,1,2,2,2,2664,29,NK-T_t166TY
0,9,12,0,14,29,2350 - 2399,[01] 1 día,29.706382979,Valid,[13] 6:31 a 7:00,1,0,MISC,399,2,835,0,69810,30,26/09/2014 02:48:29,2014-09-24 14:18:59,131370,2,3,3,3,2673,2350,kxLoycj4pJY
0,11,17,0,15,29,200 - 249,[02] 2 días,29.461883408,Valid,[07] 3:31 a 4:00,1,0,DEPORTES,226,1,839,2,6570,30,27/09/2014 15:42:47,2014-09-24 17:55:59,251208,3,4,4,4,2678,223,BwFek4V5aP4
0,13,19,0,16,29,0 - 49,[10] 4 semanas,30,Valid,[01] 31 a 60s,1,0,IDEAS,45,0,840,1,360,30,27/09/2014 23:44:03,2014-09-04 01:00:18,2069025,1,2,2,2,2680,12,NbL3bKoStds
0,13,19,0,16,29,0 - 49,[01] 1 día,30,Valid,[02] 1:01 a 1:30,1,0,IDEAS,66,0,841,1,660,30,28/09/2014 00:22:30,2014-09-26 13:52:38,124192,1,2,2,2,2680,22,DFQKAgq2V1g
0,14,21,0,18,30,0 - 49,[06] 6 días,30,Valid,[10] 5:01 a 5:30,1,0,MISC,325,0,843,0,150,30,29/09/2014 13:13:26,2014-09-22 14:00:21,601985,1,1,1,1,2682,5,6C8OJsHfmpI
0,15,21,0,19,30,0 - 49,[02] 2 días,30,Valid,[03] 1:31 a 2:00,1,0,MISC,117,1,844,1,390,30,29/09/2014 13:51:31,2014-09-26 13:52:28,259143,2,3,3,3,2682,13,jnk15Wf6xMU
0,14,20,0,20,30,0 - 49,[08] 2 semanas,28.8,Valid,[14] 7:01 a 7:30,1,0,DEPORTES,426,0,846,0,720,30,30/09/2014 13:02:30,2014-09-17 06:54:51,1145259,1,1,1,1,2682,25,JXMyZ929lpY
0,16,18,0,20,24,0 - 49,[06] 6 días,30,Valid,[01] 31 a 60s,1,0,IDEAS,47,0,853,0,840,30,02/10/2014 03:57:59,2014-09-26 02:20:09,524270,1,1,1,1,2683,28,HjHiC0mt4Ts
0,17,15,0,23,27,0 - 49,[02] 2 días,21.063829787,Valid,[03] 1:31 a 2:00,1,0,MISC,117,0,857,2,990,30,03/10/2014 13:33:26,2014-10-01 07:18:27,195299,3,3,3,3,2688,47,9zTheyLIvRc
0,9,8,0,22,27,0 - 49,[02] 2 días,30,Valid,[01] 31 a 60s,1,0,MISC,60,0,867,1,330,30,08/10/2014 15:43:34,2014-10-05 19:42:52,244842,1,2,2,2,2691,11,4pVCToDTbT4
0,9,8,0,22,26,0 - 49,[01] 1 día,30,Valid,[02] 1:01 a 1:30,1,0,MISC,61,0,870,0,930,30,08/10/2014 23:49:32,2014-10-07 13:01:24,125288,1,1,1,1,2691,31,CIEdjAm2aPw
0,6,5,0,14,12,0 - 49,[08] 2 semanas,30,Valid,[04] 2:01 a 2:30,1,0,MISC,128,0,873,0,840,30,14/10/2014 18:55:47,2014-09-30 09:20:57,1244090,1,1,1,1,2694,28,g7CRMrR24Mo
0,5,2,0,13,11,50 - 99,[06] 6 días,30,Valid,[02] 1:01 a 1:30,1,0,MISC,79,0,876,1,1950,30,16/10/2014 17:20:24,2014-10-10 08:43:10,549434,1,2,2,2,2695,65,B7FzWUhgqck
0,3,1,0,9,7,0 - 49,[11] 5 semanas,30,Valid,[04] 2:01 a 2:30,1,0,MISC,140,0,877,0,330,30,19/10/2014 17:02:09,2014-09-19 16:03:27,2595522,1,1,1,1,2695,11,kbB61_urAlg
0,4,1,0,10,6,0 - 49,[08] 2 semanas,30,Valid,[07] 3:31 a 4:00,1,0,VIAJES,213,1,879,0,270,30,20/10/2014 18:07:40,2014-10-06 16:48:28,1214352,1,2,2,2,2695,9,z7yqtW4Isec
0,4,1,0,10,6,0 - 49,[02] 2 días,30,Valid,[01] 31 a 60s,1,0,DEPORTES,44,0,881,4,240,30,21/10/2014 02:33:08,2014-10-18 13:48:27,218681,2,3,3,5,2695,8,9Lb4F1dnD0g
0,5,2,0,10,5,150 - 199,[21] 15 semanas,29.808917197,Valid,[01] 31 a 60s,1,0,IDEAS,44,0,885,0,4680,30,22/10/2014 03:01:26,2014-07-11 21:11:02,8833824,2,2,2,2,2696,157,XlbVB50mIh4
0,9,6,0,12,8,0 - 49,[08] 2 semanas,30,Valid,[02] 1:01 a 1:30,1,0,IDEAS,71,0,890,0,270,30,23/10/2014 20:44:02,2014-10-14 11:56:07,809275,1,1,1,1,2701,9,ndHDdzTllao
0,5,0,0,13,6,0 - 49,[01] 1 día,30,Valid,[02] 1:01 a 1:30,1,0,CINE,69,2,897,0,1380,30,30/10/2014 16:33:13,2014-10-29 16:00:59,88334,1,3,2,3,2701,46,IXshQ5mv1K8
0,5,1,0,12,7,0 - 49,[02] 2 días,30,Valid,[03] 1:31 a 2:00,1,0,VIDEOJUEGOS,107,0,899,0,570,30,01/11/2014 20:12:09,2014-10-30 17:04:06,184083,1,1,1,1,2702,19,GccGbdLqTmQ
0,6,2,0,13,8,150 - 199,[05] 5 días,49.722222222,Valid,[03] 1:31 a 2:00,1,0,CINE,103,2,901,1,8950,50,03/11/2014 15:46:19,2014-10-29 08:00:03,459976,2,3,2,4,2703,180,3GG2wKZw3wg
0,7,6,0,10,6,0 - 49,[02] 2 días,30,Valid,[19] 9:31 a 10:00,1,0,VIAJES,583,0,909,2,60,30,06/11/2014 19:41:41,2014-11-04 14:04:05,193056,1,2,1,3,2707,2,s0MDY9fl-IA
0,7,6,0,10,6,0 - 49,[01] 1 día,30,Valid,[02] 1:01 a 1:30,1,0,MISC,61,0,911,0,330,30,06/11/2014 23:20:29,2014-11-05 19:30:25,100204,1,1,1,1,2707,11,5rrM3zl4J_g
0,7,5,0,10,6,100 - 149,[01] 1 día,29.7,Valid,[04] 2:01 a 2:30,1,0,MISC,131,1,913,0,2970,30,07/11/2014 14:31:33,2014-11-06 08:08:07,109406,1,2,1,2,2707,100,iccscUFY860
0,8,2,1,11,6,0 - 49,[01] 1 día,27.5,Valid,[01] 31 a 60s,1,0,MISC,31,0,932,0,660,30,26/11/2014 12:18:10,2014-11-24 16:26:19,157911,1,1,1,1,2715,24,mVmBL8B-In0
0,7,1,1,11,6,0 - 49,[01] 1 día,29.142857143,Valid,[03] 1:31 a 2:00,1,0,DEPORTES,120,0,933,0,1020,30,26/11/2014 15:46:27,2014-11-24 23:18:44,145663,1,1,1,1,2715,35,8VlAzVqm2HQ
0,7,1,1,11,6,950 - 999,[07] 1 semana,29.343065693,Valid,[11] 5:31 a 6:00,1,0,MISC,331,0,935,0,28140,30,26/11/2014 18:27:21,2014-11-19 12:24:00,626601,1,1,1,1,2715,959,rLp5hlyrtnE
1,4,2,1,9,3,0 - 49,[08] 2 semanas,30,Valid,[02] 1:01 a 1:30,1,0,MISC,78,0,938,1,180,30,03/12/2014 18:20:12,2014-11-20 18:00:10,1124402,2,2,2,2,2717,6,LOyVvpXRX6w
1,10,3,1,11,6,0 - 49,[03] 3 días,30,Valid,[03] 1:31 a 2:00,1,1,DEPORTES,97,0,946,0,840,30,09/12/2014 12:53:07,2014-12-05 21:46:51,313576,1,1,1,1,2720,28,XEUMwxzyDxI
1,10,3,1,11,6,0 - 49,[01] 1 día,30,Valid,[06] 3:01 a 3:30,1,1,MISC,196,0,947,1,480,30,09/12/2014 13:11:46,2014-12-08 00:03:15,133711,1,2,2,2,2720,16,IXieGSAdj4s
1,10,3,1,11,6,0 - 49,[08] 2 semanas,30,Valid,[03] 1:31 a 2:00,1,1,MISC,91,0,949,1,120,30,09/12/2014 18:07:08,2014-12-01 07:54:47,727941,2,2,2,2,2720,4,D2QOtnLdnLQ
1,10,3,1,11,6,0 - 49,[01] 1 día,30,Valid,[01] 31 a 60s,1,1,MISC,56,0,950,0,150,30,09/12/2014 18:22:57,2014-12-07 22:39:15,157422,1,1,1,1,2720,5,qX2mpTMGjdY
1,10,3,1,13,6,0 - 49,[08] 2 semanas,30,Valid,[03] 1:31 a 2:00,1,1,MISC,111,0,953,0,660,30,11/12/2014 12:46:11,2014-11-27 22:48:39,1173452,1,1,1,1,2721,22,c6eUidLqUAo
0,4,0,0,11,4,0 - 49,[10] 4 semanas,30,Valid,[08] 4:01 a 4:30,1,0,M,251,0,957,0,60,30,22/12/2014 00:28:50,2014-11-24 18:54:54,2352836,1,1,1,1,2723,2,2uSAHqxs5n4
0,4,0,0,11,4,0 - 49,[03] 3 días,30,Valid,[06] 3:01 a 3:30,1,0,CINE,188,0,958,0,270,30,22/12/2014 00:35:50,2014-12-18 22:38:30,266240,1,1,1,1,2723,9,btn2tPxjisA
0,4,0,0,11,4,0 - 49,[09] 3 semanas,30,Valid,[06] 3:01 a 3:30,1,0,DEPORTES,195,0,959,0,60,30,22/12/2014 00:43:34,2014-12-05 22:36:14,1390040,1,1,1,1,2723,2,1zw4fPT8lZ0
0,4,0,0,11,4,0 - 49,[05] 5 días,30,Valid,[07] 3:31 a 4:00,1,0,DEPORTES,232,0,960,0,30,30,22/12/2014 00:56:03,2014-12-16 18:31:48,455055,1,1,1,1,2723,1,mlYklteg2vQ
0,4,1,0,11,5,50 - 99,[08] 2 semanas,29.615384615,Valid,[00] 0 a 30s,1,0,MISC,25,0,961,0,2310,30,22/12/2014 01:08:20,2014-12-12 09:10:03,835097,1,1,1,1,2724,78,YTiWetiJVN8
